folder,file name,image size,adjacent,initial frame,equatorial frame,equatorial size,value 0 ch0,value 1 ch0,value 2 ch0,value 3 ch0,value 4 ch0,value 5 ch0,value 6 ch0,value 7 ch0,value 8 ch0,value 9 ch0,value 10 ch0,value 11 ch0,value 12 ch0,value 13 ch0,value 14 ch0,value 15 ch0,value 16 ch0,value 17 ch0,value 18 ch0,value 19 ch0,value 20 ch0,puncta 0 ch0,puncta 1 ch0,puncta 2 ch0,puncta 3 ch0,puncta 4 ch0,puncta 5 ch0,puncta 6 ch0,puncta 7 ch0,puncta 8 ch0,puncta 9 ch0,puncta 10 ch0,puncta 11 ch0,puncta 12 ch0,puncta 13 ch0,puncta 14 ch0,puncta 15 ch0,puncta 16 ch0,puncta 17 ch0,puncta 18 ch0,puncta 19 ch0,puncta 20 ch0,x 0,x 1,x 2,x 3,x 4,x 5,x 6,x 7,x 8,x 9,x 10,x 11,x 12,x 13,x 14,x 15,x 16,x 17,x 18,x 19,x 20,y 0,y 1,y 2,y 3,y 4,y 5,y 6,y 7,y 8,y 9,y 10,y 11,y 12,y 13,y 14,y 15,y 16,y 17,y 18,y 19,y 20,w 0,w 1,w 2,w 3,w 4,w 5,w 6,w 7,w 8,w 9,w 10,w 11,w 12,w 13,w 14,w 15,w 16,w 17,w 18,w 19,w 20,h 0,h 1,h 2,h 3,h 4,h 5,h 6,h 7,h 8,h 9,h 10,h 11,h 12,h 13,h 14,h 15,h 16,h 17,h 18,h 19,h 20,quality ch0,num frame,new punctate ch0,new punctate ch1,puncta 0 ch1,puncta 1 ch1,puncta 10 ch1,puncta 11 ch1,puncta 12 ch1,puncta 13 ch1,puncta 14 ch1,puncta 15 ch1,puncta 16 ch1,puncta 17 ch1,puncta 18 ch1,puncta 19 ch1,puncta 2 ch1,puncta 20 ch1,puncta 3 ch1,puncta 4 ch1,puncta 5 ch1,puncta 6 ch1,puncta 7 ch1,puncta 8 ch1,puncta 9 ch1,quality ch1,value 0 ch1,value 1 ch1,value 10 ch1,value 11 ch1,value 12 ch1,value 13 ch1,value 14 ch1,value 15 ch1,value 16 ch1,value 17 ch1,value 18 ch1,value 19 ch1,value 2 ch1,value 20 ch1,value 3 ch1,value 4 ch1,value 5 ch1,value 6 ch1,value 7 ch1,value 8 ch1,value 9 ch1,colocalization ch0 ch1,colocalization weight ch0 ch1,new colocalization ch0 ch1,square quality
/mount/local5/chenxi/puncta-detection/data/05-16-2022/1 mM EGTA_2/Captured003.nd2-output,(series 1).tif,1024,False,0,2,0.0371094,583.615616280978,639.0953091635479,384.8307054663496,505.3335399520183,,,,,,,,,,,,,,,,,,<puncta_detect_util.Puncta object at 0x7f5998355890>,<puncta_detect_util.Puncta object at 0x7f59a8ce4910>,<puncta_detect_util.Puncta object at 0x7f59a8ce4950>,<puncta_detect_util.Puncta object at 0x7f59a8ce4190>,<puncta_detect_util.Puncta object at 0x7f59a8dfd550>,<puncta_detect_util.Puncta object at 0x7f599826cf50>,<puncta_detect_util.Puncta object at 0x7f59a8ce4cd0>,<puncta_detect_util.Puncta object at 0x7f59a8dfd7d0>,<puncta_detect_util.Puncta object at 0x7f59a8ce4210>,<puncta_detect_util.Puncta object at 0x7f59a8dfde50>,<puncta_detect_util.Puncta object at 0x7f59a8dfde10>,<puncta_detect_util.Puncta object at 0x7f59a8dfd610>,<puncta_detect_util.Puncta object at 0x7f59a8dfd3d0>,<puncta_detect_util.Puncta object at 0x7f59a8dfd050>,<puncta_detect_util.Puncta object at 0x7f59a8ed6690>,<puncta_detect_util.Puncta object at 0x7f59a8ed6410>,<puncta_detect_util.Puncta object at 0x7f59a8ed6490>,<puncta_detect_util.Puncta object at 0x7f59a8ed69d0>,<puncta_detect_util.Puncta object at 0x7f59a8ed68d0>,<puncta_detect_util.Puncta object at 0x7f59a8ed6a90>,<puncta_detect_util.Puncta object at 0x7f59a8ec8290>,0.329102,0.329102,0.329102,0.328613,,,,,,,,,,,,,,,,,,0.84082,0.84082,0.84082,0.840332,,,,,,,,,,,,,,,,,,0.0371094,0.0371094,0.0371094,0.0361328,,,,,,,,,,,,,,,,,,0.0371094,0.0371094,0.0371094,0.0361328,,,,,,,,,,,,,,,,,,False,21,False,False,<puncta_detect_util.Puncta object at 0x7f59a8dfd850>,<puncta_detect_util.Puncta object at 0x7f59edc61450>,<puncta_detect_util.Puncta object at 0x7f59a8db15d0>,<puncta_detect_util.Puncta object at 0x7f59a8db1150>,<puncta_detect_util.Puncta object at 0x7f59a8db1d50>,<puncta_detect_util.Puncta object at 0x7f59a8db1f10>,<puncta_detect_util.Puncta object at 0x7f59a8db1790>,<puncta_detect_util.Puncta object at 0x7f59a8db10d0>,<puncta_detect_util.Puncta object at 0x7f59a8db1a50>,<puncta_detect_util.Puncta object at 0x7f59a8db1c50>,<puncta_detect_util.Puncta object at 0x7f59a8f14690>,<puncta_detect_util.Puncta object at 0x7f59a8db1e10>,<puncta_detect_util.Puncta object at 0x7f59a8d9ab90>,<puncta_detect_util.Puncta object at 0x7f59a8db18d0>,<puncta_detect_util.Puncta object at 0x7f59fdd2ff10>,<puncta_detect_util.Puncta object at 0x7f59a8db17d0>,<puncta_detect_util.Puncta object at 0x7f59a8db1f50>,<puncta_detect_util.Puncta object at 0x7f59a8db1990>,<puncta_detect_util.Puncta object at 0x7f59a8db1fd0>,<puncta_detect_util.Puncta object at 0x7f59a8d9ab50>,<puncta_detect_util.Puncta object at 0x7f59edc66f90>,False,84.33523691411256,102.75882877682761,,,,,,,,,,,151.67087743257116,,83.7995080604951,,,,,,,,,,True
/mount/local5/chenxi/puncta-detection/data/05-16-2022/1 mM EGTA_2/Captured003.nd2-output,(series 1).tif,1024,False,0,5,0.0439453,506.1170574162679,649.1895748015572,639.3755010239265,604.1441322838764,487.4396224256293,549.4964301432833,407.62177795031084,,,,,,,,,,,,,,,<puncta_detect_util.Puncta object at 0x7f59a8f14250>,<puncta_detect_util.Puncta object at 0x7f59edc4c150>,<puncta_detect_util.Puncta object at 0x7f59a8ce4410>,<puncta_detect_util.Puncta object at 0x7f59a8ce4250>,<puncta_detect_util.Puncta object at 0x7f59a8ce4850>,<puncta_detect_util.Puncta object at 0x7f599826ced0>,<puncta_detect_util.Puncta object at 0x7f599826cd50>,<puncta_detect_util.Puncta object at 0x7f59a8dfd210>,<puncta_detect_util.Puncta object at 0x7f59a8dfd990>,<puncta_detect_util.Puncta object at 0x7f59a8dfd190>,<puncta_detect_util.Puncta object at 0x7f59a8dfda50>,<puncta_detect_util.Puncta object at 0x7f59a8dfd750>,<puncta_detect_util.Puncta object at 0x7f59a8dfdbd0>,<puncta_detect_util.Puncta object at 0x7f59a8dfdd90>,<puncta_detect_util.Puncta object at 0x7f59a8ed6590>,<puncta_detect_util.Puncta object at 0x7f59a8ed63d0>,<puncta_detect_util.Puncta object at 0x7f59a8ed6a50>,<puncta_detect_util.Puncta object at 0x7f59a8ed6dd0>,<puncta_detect_util.Puncta object at 0x7f59a8ed6250>,<puncta_detect_util.Puncta object at 0x7f59a8ed6d50>,<puncta_detect_util.Puncta object at 0x7f59a8ec8e90>,0.838379,0.839355,0.841797,0.841797,0.838867,0.835938,0.834961,,,,,,,,,,,,,,,0.208008,0.209473,0.208008,0.208008,0.209961,0.209473,0.209473,,,,,,,,,,,,,,,0.0400391,0.0419922,0.0429688,0.0429688,0.0410156,0.0429688,0.0410156,,,,,,,,,,,,,,,0.0410156,0.0419922,0.0429688,0.0429688,0.0429688,0.0439453,0.0400391,,,,,,,,,,,,,,,True,21,False,False,<puncta_detect_util.Puncta object at 0x7f59fdd2fe10>,<puncta_detect_util.Puncta object at 0x7f59fdeaa810>,<puncta_detect_util.Puncta object at 0x7f59a8db16d0>,<puncta_detect_util.Puncta object at 0x7f59a8db1b50>,<puncta_detect_util.Puncta object at 0x7f59a8db1d90>,<puncta_detect_util.Puncta object at 0x7f59a8db1c90>,<puncta_detect_util.Puncta object at 0x7f59a8db1b90>,<puncta_detect_util.Puncta object at 0x7f59a8db1510>,<puncta_detect_util.Puncta object at 0x7f59a8db13d0>,<puncta_detect_util.Puncta object at 0x7f59a8f14190>,<puncta_detect_util.Puncta object at 0x7f59a8db1710>,<puncta_detect_util.Puncta object at 0x7f59a8db1410>,<puncta_detect_util.Puncta object at 0x7f59fdce2e10>,<puncta_detect_util.Puncta object at 0x7f59a8db1450>,<puncta_detect_util.Puncta object at 0x7f59a8db1ed0>,<puncta_detect_util.Puncta object at 0x7f59a8db1590>,<puncta_detect_util.Puncta object at 0x7f59a8db19d0>,<puncta_detect_util.Puncta object at 0x7f59a8db1950>,<puncta_detect_util.Puncta object at 0x7f59a8db12d0>,<puncta_detect_util.Puncta object at 0x7f59fdcf6350>,<puncta_detect_util.Puncta object at 0x7f59a8db1210>,True,97.50329017952936,131.1278177782665,,,,,,,,,,,166.66605392156816,,86.35138287528207,113.75729769806503,104.57380179995289,65.93841425389746,,,,,,,True
/mount/local5/chenxi/puncta-detection/data/05-16-2022/1 mM EGTA_2/Captured003.nd2-output,(series 1).tif,1024,False,2,5,0.0488281,,,427.6593500570125,160.45707915273124,341.1394325204624,251.90237580993517,372.2274173908231,241.82865745902473,,,,,,,,,,,,,,<puncta_detect_util.Puncta object at 0x7f59a8ec8390>,<puncta_detect_util.Puncta object at 0x7f59a8d9a910>,<puncta_detect_util.Puncta object at 0x7f59a8ce4710>,<puncta_detect_util.Puncta object at 0x7f59a8ce4110>,<puncta_detect_util.Puncta object at 0x7f599826c210>,<puncta_detect_util.Puncta object at 0x7f599826cdd0>,<puncta_detect_util.Puncta object at 0x7f59a8dfd650>,<puncta_detect_util.Puncta object at 0x7f59a8dfd250>,<puncta_detect_util.Puncta object at 0x7f59a8dfdc90>,<puncta_detect_util.Puncta object at 0x7f59a8dfdad0>,<puncta_detect_util.Puncta object at 0x7f59a8dfd710>,<puncta_detect_util.Puncta object at 0x7f59a8dfd1d0>,<puncta_detect_util.Puncta object at 0x7f59a8dfddd0>,<puncta_detect_util.Puncta object at 0x7f59a8ed6f10>,<puncta_detect_util.Puncta object at 0x7f59a8ed6950>,<puncta_detect_util.Puncta object at 0x7f59a8ed64d0>,<puncta_detect_util.Puncta object at 0x7f59a8ed6c90>,<puncta_detect_util.Puncta object at 0x7f59a8ed6050>,<puncta_detect_util.Puncta object at 0x7f59a8ed60d0>,<puncta_detect_util.Puncta object at 0x7f59a8ec8050>,<puncta_detect_util.Puncta object at 0x7f59a8ec8890>,,,0.0849609,0.0834961,0.0849609,0.0795898,0.0820312,0.081543,,,,,,,,,,,,,,,,0.765137,0.765137,0.771484,0.776367,0.77832,0.776367,,,,,,,,,,,,,,,,0.0429688,0.0439453,0.0449219,0.0478516,0.046875,0.0439453,,,,,,,,,,,,,,,,0.0419922,0.0419922,0.0429688,0.0488281,0.0449219,0.0449219,,,,,,,,,,,,,,True,21,False,False,<puncta_detect_util.Puncta object at 0x7f59a8db11d0>,<puncta_detect_util.Puncta object at 0x7f59a8d70310>,<puncta_detect_util.Puncta object at 0x7f59a8db1e50>,<puncta_detect_util.Puncta object at 0x7f59a8db1090>,<puncta_detect_util.Puncta object at 0x7f59a8db1810>,<puncta_detect_util.Puncta object at 0x7f59a8db1050>,<puncta_detect_util.Puncta object at 0x7f59a8db1a90>,<puncta_detect_util.Puncta object at 0x7f59a8db1a10>,<puncta_detect_util.Puncta object at 0x7f59a8db14d0>,<puncta_detect_util.Puncta object at 0x7f59a8f149d0>,<puncta_detect_util.Puncta object at 0x7f59a8db1110>,<puncta_detect_util.Puncta object at 0x7f59a8db1910>,<puncta_detect_util.Puncta object at 0x7f59a8db1750>,<puncta_detect_util.Puncta object at 0x7f59a8db1ad0>,<puncta_detect_util.Puncta object at 0x7f59a8db1890>,<puncta_detect_util.Puncta object at 0x7f59a8db1850>,<puncta_detect_util.Puncta object at 0x7f59a8db1650>,<puncta_detect_util.Puncta object at 0x7f59a8db1e90>,<puncta_detect_util.Puncta object at 0x7f59a8db1490>,<puncta_detect_util.Puncta object at 0x7f59a8db1550>,<puncta_detect_util.Puncta object at 0x7f59a8db1310>,True,,,,,,,,,,,,,223.27120154101794,,130.00236318141924,123.04397204840097,114.69863265615186,107.17304859682099,103.09349955119114,,,,,,True
/mount/local5/chenxi/puncta-detection/data/05-16-2022/1 mM EGTA_2/Captured006.nd2-output,(series 1).tif,1024,False,0,0,0.0517578,586.5299746654473,419.9407960199005,426.1961169590645,474.1724566847738,,,,,,,,,,,,,,,,,,<puncta_detect_util.Puncta object at 0x7f5933310350>,<puncta_detect_util.Puncta object at 0x7f5933310450>,<puncta_detect_util.Puncta object at 0x7f5933310210>,<puncta_detect_util.Puncta object at 0x7f5933310410>,<puncta_detect_util.Puncta object at 0x7f59a8d3df90>,<puncta_detect_util.Puncta object at 0x7f59fdeaf250>,<puncta_detect_util.Puncta object at 0x7f5998355d90>,<puncta_detect_util.Puncta object at 0x7f59fdce22d0>,<puncta_detect_util.Puncta object at 0x7f59fdd0cf90>,<puncta_detect_util.Puncta object at 0x7f59a8db1f90>,<puncta_detect_util.Puncta object at 0x7f59a8db1390>,<puncta_detect_util.Puncta object at 0x7f59a8d3d1d0>,<puncta_detect_util.Puncta object at 0x7f59a8d3d750>,<puncta_detect_util.Puncta object at 0x7f59a8d3de90>,<puncta_detect_util.Puncta object at 0x7f59a8d3dcd0>,<puncta_detect_util.Puncta object at 0x7f59a8d3d390>,,,,,,0.48584,0.486328,0.486328,0.485352,,,,,,,,,,,,,,,,,,0.931641,0.931152,0.930664,0.930664,,,,,,,,,,,,,,,,,,0.0517578,0.0507812,0.0507812,0.0488281,,,,,,,,,,,,,,,,,,0.0507812,0.0498047,0.0488281,0.0488281,,,,,,,,,,,,,,,,,,False,16,False,False,<puncta_detect_util.Puncta object at 0x7f59a8dc6ad0>,<puncta_detect_util.Puncta object at 0x7f59a8dc6ed0>,<puncta_detect_util.Puncta object at 0x7f59a8dc6f10>,<puncta_detect_util.Puncta object at 0x7f59a8dc6b10>,<puncta_detect_util.Puncta object at 0x7f59a8dc6950>,<puncta_detect_util.Puncta object at 0x7f59a8dc6390>,<puncta_detect_util.Puncta object at 0x7f59a8cf7c50>,<puncta_detect_util.Puncta object at 0x7f59a8cf7cd0>,,,,,<puncta_detect_util.Puncta object at 0x7f59a8dc6650>,,<puncta_detect_util.Puncta object at 0x7f59a8dc6210>,<puncta_detect_util.Puncta object at 0x7f59a8dc6f90>,<puncta_detect_util.Puncta object at 0x7f59b15ca150>,<puncta_detect_util.Puncta object at 0x7f59a8dc6a90>,<puncta_detect_util.Puncta object at 0x7f59a8dc60d0>,<puncta_detect_util.Puncta object at 0x7f59b15ca0d0>,<puncta_detect_util.Puncta object at 0x7f59a8dc6d10>,False,119.53098332418085,72.26330721532804,,,,,,,,,,,75.4738829294015,,9.253736524114629,,,,,,,,,,True
/mount/local5/chenxi/puncta-detection/data/05-16-2022/1 mM EGTA_2/Captured006.nd2-output,(series 1).tif,1024,False,0,3,0.0625,500.5006885557855,568.0609439736313,271.4235674353595,417.72373909342423,501.10814756534637,414.7718391308158,316.2131268436583,342.2306575411376,338.4148273910582,358.22279619164647,432.0214309013236,,,,,,,,,,,<puncta_detect_util.Puncta object at 0x7f59a91a1850>,<puncta_detect_util.Puncta object at 0x7f5a63877d90>,<puncta_detect_util.Puncta object at 0x7f5933310250>,<puncta_detect_util.Puncta object at 0x7f59333100d0>,<puncta_detect_util.Puncta object at 0x7f5a63877650>,<puncta_detect_util.Puncta object at 0x7f59fdf45590>,<puncta_detect_util.Puncta object at 0x7f59fdcfa250>,<puncta_detect_util.Puncta object at 0x7f59a8ed6390>,<puncta_detect_util.Puncta object at 0x7f59a8dfd110>,<puncta_detect_util.Puncta object at 0x7f59fdf70390>,<puncta_detect_util.Puncta object at 0x7f59a8ec81d0>,<puncta_detect_util.Puncta object at 0x7f59a8d9ad90>,<puncta_detect_util.Puncta object at 0x7f59a8d3d310>,<puncta_detect_util.Puncta object at 0x7f59fdf70090>,<puncta_detect_util.Puncta object at 0x7f59fde3bf90>,<puncta_detect_util.Puncta object at 0x7f59a8d3d690>,,,,,,0.715332,0.71582,0.714844,0.715332,0.714355,0.714355,0.71582,0.714844,0.71582,0.716797,0.716797,,,,,,,,,,,0.267578,0.27002,0.270996,0.269531,0.270996,0.269531,0.270508,0.27002,0.269043,0.270996,0.269531,,,,,,,,,,,0.0595703,0.0605469,0.0625,0.0615234,0.0615234,0.0595703,0.0605469,0.0585938,0.0605469,0.0605469,0.0585938,,,,,,,,,,,0.0585938,0.0615234,0.0615234,0.0625,0.0615234,0.0585938,0.0605469,0.0576172,0.0595703,0.0576172,0.0546875,,,,,,,,,,,True,16,False,False,<puncta_detect_util.Puncta object at 0x7f599827ddd0>,<puncta_detect_util.Puncta object at 0x7f593330cc10>,<puncta_detect_util.Puncta object at 0x7f59a8dc67d0>,<puncta_detect_util.Puncta object at 0x7f59a8dc6a10>,<puncta_detect_util.Puncta object at 0x7f59a8dc6bd0>,<puncta_detect_util.Puncta object at 0x7f59a8dc6e50>,<puncta_detect_util.Puncta object at 0x7f59a8dc63d0>,<puncta_detect_util.Puncta object at 0x7f59a8cf7210>,,,,,<puncta_detect_util.Puncta object at 0x7f59a8dc66d0>,,<puncta_detect_util.Puncta object at 0x7f59a8dc6590>,<puncta_detect_util.Puncta object at 0x7f59a8dc6290>,<puncta_detect_util.Puncta object at 0x7f59a8dc6890>,<puncta_detect_util.Puncta object at 0x7f59a8dc6b90>,<puncta_detect_util.Puncta object at 0x7f59a8dc6110>,<puncta_detect_util.Puncta object at 0x7f59a8dc6d90>,<puncta_detect_util.Puncta object at 0x7f59a8dc64d0>,True,90.51563580405218,61.65901126408016,109.32535855949982,,,,,,,,,,128.7453984094809,,73.26126042712258,53.789743991476826,46.179704614608,52.22229634458154,52.88426106040697,72.1630228656345,95.3063776456961,,,,True
/mount/local5/chenxi/puncta-detection/data/05-16-2022/1 mM EGTA_2/Captured006.nd2-output,(series 1).tif,1024,False,0,2,0.0546875,588.1360748002903,457.53291152106567,434.04361197210346,377.2786383736129,371.46342126415766,327.41470815935463,307.7919593876609,417.36353747416524,370.83595085470097,,,,,,,,,,,,,<puncta_detect_util.Puncta object at 0x7f599827d5d0>,<puncta_detect_util.Puncta object at 0x7f5933310710>,<puncta_detect_util.Puncta object at 0x7f5933310550>,<puncta_detect_util.Puncta object at 0x7f5933310090>,<puncta_detect_util.Puncta object at 0x7f59a8d3d950>,<puncta_detect_util.Puncta object at 0x7f59fdd43f10>,<puncta_detect_util.Puncta object at 0x7f59fdd32ad0>,<puncta_detect_util.Puncta object at 0x7f59a9301b10>,<puncta_detect_util.Puncta object at 0x7f5a637bc490>,<puncta_detect_util.Puncta object at 0x7f59edc612d0>,<puncta_detect_util.Puncta object at 0x7f59a8db1690>,<puncta_detect_util.Puncta object at 0x7f59a8d9a650>,<puncta_detect_util.Puncta object at 0x7f59a8d3de50>,<puncta_detect_util.Puncta object at 0x7f59a8d3d910>,<puncta_detect_util.Puncta object at 0x7f59a8d3d2d0>,<puncta_detect_util.Puncta object at 0x7f59a8d3da10>,,,,,,0.92334,0.922852,0.923828,0.922852,0.922852,0.922852,0.92334,0.923828,0.924805,,,,,,,,,,,,,0.717773,0.717773,0.71875,0.71875,0.718262,0.718262,0.71875,0.71875,0.717773,,,,,,,,,,,,,0.0517578,0.0527344,0.0546875,0.0527344,0.0527344,0.0527344,0.0517578,0.0507812,0.0488281,,,,,,,,,,,,,0.0527344,0.0527344,0.0527344,0.0507812,0.0517578,0.0517578,0.0507812,0.0507812,0.0488281,,,,,,,,,,,,,True,16,False,False,<puncta_detect_util.Puncta object at 0x7f59a8d3dfd0>,<puncta_detect_util.Puncta object at 0x7f59a8dc6990>,<puncta_detect_util.Puncta object at 0x7f59a8dc6050>,<puncta_detect_util.Puncta object at 0x7f59a8dc6810>,<puncta_detect_util.Puncta object at 0x7f59a8dc6550>,<puncta_detect_util.Puncta object at 0x7f59a8dc6710>,<puncta_detect_util.Puncta object at 0x7f59a8dc6c10>,<puncta_detect_util.Puncta object at 0x7f59a8cf7e10>,,,,,<puncta_detect_util.Puncta object at 0x7f59a8dc69d0>,,<puncta_detect_util.Puncta object at 0x7f59a8dc61d0>,<puncta_detect_util.Puncta object at 0x7f59a8dc6090>,<puncta_detect_util.Puncta object at 0x7f59a8d3da90>,<puncta_detect_util.Puncta object at 0x7f59a8dc6250>,<puncta_detect_util.Puncta object at 0x7f59a8dc62d0>,<puncta_detect_util.Puncta object at 0x7f59a8dc6510>,<puncta_detect_util.Puncta object at 0x7f59a8dc68d0>,True,109.8244850347105,98.83150562372202,,,,,,,,,,,46.41524334251608,,108.6814166015456,115.39660848897392,95.14065780391684,85.43247334021362,98.08212941148213,47.46923990768801,,,,,True
/mount/local5/chenxi/puncta-detection/data/05-16-2022/1 mM EGTA_2/Captured005.nd2-output,(series 1).tif,1024,False,0,0,0.046875,360.08686467935377,435.93972393370586,468.21338417142715,384.52510737808507,414.51200735143993,426.40028812512855,,,,,,,,,,,,,,,,<puncta_detect_util.Puncta object at 0x7f5998296dd0>,<puncta_detect_util.Puncta object at 0x7f59a8f3a2d0>,<puncta_detect_util.Puncta object at 0x7f59a8f3a250>,<puncta_detect_util.Puncta object at 0x7f59a8dccfd0>,<puncta_detect_util.Puncta object at 0x7f59a8dcc550>,<puncta_detect_util.Puncta object at 0x7f593330cfd0>,<puncta_detect_util.Puncta object at 0x7f59a8f3a490>,<puncta_detect_util.Puncta object at 0x7f59a8dcc0d0>,<puncta_detect_util.Puncta object at 0x7f59a8dccc10>,<puncta_detect_util.Puncta object at 0x7f59a8dcca10>,<puncta_detect_util.Puncta object at 0x7f59a8dcc4d0>,<puncta_detect_util.Puncta object at 0x7f59a8dccd90>,<puncta_detect_util.Puncta object at 0x7f59a8dcc950>,<puncta_detect_util.Puncta object at 0x7f59a8dcc390>,<puncta_detect_util.Puncta object at 0x7f59a8cf7050>,<puncta_detect_util.Puncta object at 0x7f59a8cf7ad0>,<puncta_detect_util.Puncta object at 0x7f59a8cf7fd0>,<puncta_detect_util.Puncta object at 0x7f59a8cf7b90>,<puncta_detect_util.Puncta object at 0x7f59a8cf7f50>,<puncta_detect_util.Puncta object at 0x7f59a8cf7d10>,<puncta_detect_util.Puncta object at 0x7f59a8f143d0>,0.137695,0.137207,0.137695,0.137695,0.137695,0.137207,,,,,,,,,,,,,,,,0.760742,0.760742,0.760254,0.760254,0.760742,0.761719,,,,,,,,,,,,,,,,0.046875,0.0458984,0.0449219,0.0449219,0.0429688,0.0439453,,,,,,,,,,,,,,,,0.0449219,0.0449219,0.0439453,0.0439453,0.0429688,0.0429688,,,,,,,,,,,,,,,,True,21,False,False,<puncta_detect_util.Puncta object at 0x7f5998360310>,<puncta_detect_util.Puncta object at 0x7f5998360c50>,<puncta_detect_util.Puncta object at 0x7f59a8e394d0>,<puncta_detect_util.Puncta object at 0x7f59983600d0>,<puncta_detect_util.Puncta object at 0x7f5998360e10>,<puncta_detect_util.Puncta object at 0x7f5998360d50>,<puncta_detect_util.Puncta object at 0x7f5998296850>,<puncta_detect_util.Puncta object at 0x7f5998296210>,<puncta_detect_util.Puncta object at 0x7f5998296450>,<puncta_detect_util.Puncta object at 0x7f59a8e0a190>,<puncta_detect_util.Puncta object at 0x7f59a8e0a450>,<puncta_detect_util.Puncta object at 0x7f59a8e0aa50>,<puncta_detect_util.Puncta object at 0x7f5998360690>,<puncta_detect_util.Puncta object at 0x7f59a8e0a6d0>,<puncta_detect_util.Puncta object at 0x7f5998360bd0>,<puncta_detect_util.Puncta object at 0x7f59a8e39350>,<puncta_detect_util.Puncta object at 0x7f59a8f3a150>,<puncta_detect_util.Puncta object at 0x7f59a8f3a090>,<puncta_detect_util.Puncta object at 0x7f59a8e39c10>,<puncta_detect_util.Puncta object at 0x7f59a8e39910>,<puncta_detect_util.Puncta object at 0x7f59a8e39b10>,True,76.59935848228997,80.34039664378315,,,,,,,,,,,48.59409090909094,,63.417038218414746,127.63856347097726,115.6088929620064,,,,,,,,True
/mount/local5/chenxi/puncta-detection/data/05-16-2022/1 mM EGTA_2/Captured005.nd2-output,(series 1).tif,1024,False,0,0,0.0703125,382.9158250715882,349.1975213906694,443.4710533369066,363.61985442226705,395.7772835728492,360.0075550666361,366.70055755247904,341.7170484484777,319.9764855359822,,,,,,,,,,,,,<puncta_detect_util.Puncta object at 0x7f5998296310>,<puncta_detect_util.Puncta object at 0x7f5998296750>,<puncta_detect_util.Puncta object at 0x7f59a8dfa110>,<puncta_detect_util.Puncta object at 0x7f59a8f3add0>,<puncta_detect_util.Puncta object at 0x7f59a8f3a310>,<puncta_detect_util.Puncta object at 0x7f59fde50e50>,<puncta_detect_util.Puncta object at 0x7f5998296c10>,<puncta_detect_util.Puncta object at 0x7f59a8dccb50>,<puncta_detect_util.Puncta object at 0x7f59fde4c490>,<puncta_detect_util.Puncta object at 0x7f59a8dcca50>,<puncta_detect_util.Puncta object at 0x7f59a8dcca90>,<puncta_detect_util.Puncta object at 0x7f59a8dcc7d0>,<puncta_detect_util.Puncta object at 0x7f59a8dcc6d0>,<puncta_detect_util.Puncta object at 0x7f59a8dcc790>,<puncta_detect_util.Puncta object at 0x7f59a8cf79d0>,<puncta_detect_util.Puncta object at 0x7f59a8cf7150>,<puncta_detect_util.Puncta object at 0x7f59a8cf7250>,<puncta_detect_util.Puncta object at 0x7f59fde3b0d0>,<puncta_detect_util.Puncta object at 0x7f59a8cf7850>,<puncta_detect_util.Puncta object at 0x7f59a8cf7790>,<puncta_detect_util.Puncta object at 0x7f599826cd10>,0.180664,0.181641,0.182129,0.182129,0.182129,0.18457,0.184082,0.182617,0.183105,,,,,,,,,,,,,0.623047,0.617188,0.617676,0.616211,0.619141,0.618164,0.619141,0.621094,0.62207,,,,,,,,,,,,,0.0703125,0.0664062,0.0673828,0.0654297,0.0673828,0.0683594,0.0693359,0.0644531,0.0654297,,,,,,,,,,,,,0.0546875,0.0585938,0.0595703,0.0605469,0.0585938,0.0566406,0.0566406,0.0566406,0.0527344,,,,,,,,,,,,,True,21,False,False,<puncta_detect_util.Puncta object at 0x7f5998360950>,<puncta_detect_util.Puncta object at 0x7f59a8cf7d90>,<puncta_detect_util.Puncta object at 0x7f59a8e39410>,<puncta_detect_util.Puncta object at 0x7f59a8e39090>,<puncta_detect_util.Puncta object at 0x7f5998360f50>,<puncta_detect_util.Puncta object at 0x7f5998360150>,<puncta_detect_util.Puncta object at 0x7f5998360d10>,<puncta_detect_util.Puncta object at 0x7f5998360c90>,<puncta_detect_util.Puncta object at 0x7f5998296510>,<puncta_detect_util.Puncta object at 0x7f59982967d0>,<puncta_detect_util.Puncta object at 0x7f5998296b50>,<puncta_detect_util.Puncta object at 0x7f59a8e0af90>,<puncta_detect_util.Puncta object at 0x7f593287ae90>,<puncta_detect_util.Puncta object at 0x7f59a8e0aa10>,<puncta_detect_util.Puncta object at 0x7f5998360750>,<puncta_detect_util.Puncta object at 0x7f5998360490>,<puncta_detect_util.Puncta object at 0x7f59983603d0>,<puncta_detect_util.Puncta object at 0x7f59983607d0>,<puncta_detect_util.Puncta object at 0x7f59fdeaa9d0>,<puncta_detect_util.Puncta object at 0x7f59982ca150>,<puncta_detect_util.Puncta object at 0x7f59a8e39590>,True,96.11774850398933,110.94275807516487,,,,,,,,,,,163.9214135890429,,89.16706971439726,58.055916399376656,143.36338636991013,124.41004500686267,101.59351870399723,62.09037510461849,,,,,False
/mount/local5/chenxi/puncta-detection/data/05-16-2022/1 mM EGTA_2/Captured005.nd2-output,(series 1).tif,1024,False,0,2,0.0507812,437.9908583503443,376.87451920005105,430.7661377374784,410.7375196998023,330.26377568634507,398.8274118403865,314.8142197505558,374.44616036595244,,,,,,,,,,,,,,<puncta_detect_util.Puncta object at 0x7f59a8f3a510>,<puncta_detect_util.Puncta object at 0x7f59a8f3a3d0>,<puncta_detect_util.Puncta object at 0x7f59a8dcc5d0>,<puncta_detect_util.Puncta object at 0x7f59a8dcc150>,<puncta_detect_util.Puncta object at 0x7f59a8dccdd0>,<puncta_detect_util.Puncta object at 0x7f59a8dcc310>,<puncta_detect_util.Puncta object at 0x7f59a8dcc810>,<puncta_detect_util.Puncta object at 0x7f59a8dcc490>,<puncta_detect_util.Puncta object at 0x7f59a8dcc3d0>,<puncta_detect_util.Puncta object at 0x7f59a8dcc250>,<puncta_detect_util.Puncta object at 0x7f59a8dcccd0>,<puncta_detect_util.Puncta object at 0x7f59a8dcc050>,<puncta_detect_util.Puncta object at 0x7f59a8dccc50>,<puncta_detect_util.Puncta object at 0x7f59a8dccd10>,<puncta_detect_util.Puncta object at 0x7f59a8cf7e90>,<puncta_detect_util.Puncta object at 0x7f59a8cf7290>,<puncta_detect_util.Puncta object at 0x7f59a8cf75d0>,<puncta_detect_util.Puncta object at 0x7f59a8cf7c10>,<puncta_detect_util.Puncta object at 0x7f59a8cf77d0>,<puncta_detect_util.Puncta object at 0x7f59a8cf7650>,<puncta_detect_util.Puncta object at 0x7f59a8d3d8d0>,0.207031,0.208008,0.204102,0.206055,0.203125,0.20459,0.207031,0.207031,,,,,,,,,,,,,,0.666016,0.663086,0.664551,0.663086,0.665039,0.663574,0.663574,0.663086,,,,,,,,,,,,,,0.046875,0.0488281,0.0507812,0.0488281,0.0488281,0.0498047,0.046875,0.0429688,,,,,,,,,,,,,,0.0488281,0.0449219,0.0458984,0.0488281,0.0449219,0.0498047,0.0458984,0.0410156,,,,,,,,,,,,,,True,21,False,False,<puncta_detect_util.Puncta object at 0x7f5998360090>,<puncta_detect_util.Puncta object at 0x7f5998360790>,<puncta_detect_util.Puncta object at 0x7f59a8e39fd0>,<puncta_detect_util.Puncta object at 0x7f59983601d0>,<puncta_detect_util.Puncta object at 0x7f5998360d90>,<puncta_detect_util.Puncta object at 0x7f5998360890>,<puncta_detect_util.Puncta object at 0x7f5998360810>,<puncta_detect_util.Puncta object at 0x7f5998296190>,<puncta_detect_util.Puncta object at 0x7f5998296fd0>,<puncta_detect_util.Puncta object at 0x7f59a8e0a110>,<puncta_detect_util.Puncta object at 0x7f59a8e0a910>,<puncta_detect_util.Puncta object at 0x7f59a8e0a7d0>,<puncta_detect_util.Puncta object at 0x7f5998360850>,<puncta_detect_util.Puncta object at 0x7f59a8e0a3d0>,<puncta_detect_util.Puncta object at 0x7f5998360410>,<puncta_detect_util.Puncta object at 0x7f5998360f10>,<puncta_detect_util.Puncta object at 0x7f59a9412110>,<puncta_detect_util.Puncta object at 0x7f59a8e39c90>,<puncta_detect_util.Puncta object at 0x7f59a8e39f10>,<puncta_detect_util.Puncta object at 0x7f59a8e39bd0>,<puncta_detect_util.Puncta object at 0x7f59a8e393d0>,True,101.57678107271431,90.75744651912919,,,,,,,,,,,91.47414905009555,,162.4070368653779,76.28632494710564,99.18640617361552,97.61672931209341,86.13278537560245,,,,,,True
/mount/local5/chenxi/puncta-detection/data/05-16-2022/1 mM EGTA_2/Captured005.nd2-output,(series 1).tif,1024,False,0,11,0.0644531,411.6715974729241,330.1614575274639,430.105350792368,302.97373055836033,305.32594933421933,353.365011032874,291.46043853743004,315.96932992687607,313.36469747899173,268.38672161172144,264.1497708213583,157.99510437725894,301.7198451232871,266.279555019722,223.3909324872202,269.3885289984464,258.169923601612,193.620361903535,284.2857142857147,207.43835061099207,209.74383209332245,<puncta_detect_util.Puncta object at 0x7f5998296ad0>,<puncta_detect_util.Puncta object at 0x7f59fdeafe50>,<puncta_detect_util.Puncta object at 0x7f59a8f3ae10>,<puncta_detect_util.Puncta object at 0x7f59a8dccbd0>,<puncta_detect_util.Puncta object at 0x7f59a8dccad0>,<puncta_detect_util.Puncta object at 0x7f593330ced0>,<puncta_detect_util.Puncta object at 0x7f59a8dccb10>,<puncta_detect_util.Puncta object at 0x7f59a8dcc2d0>,<puncta_detect_util.Puncta object at 0x7f59a8dccb90>,<puncta_detect_util.Puncta object at 0x7f59a8dcc110>,<puncta_detect_util.Puncta object at 0x7f59a8dcc510>,<puncta_detect_util.Puncta object at 0x7f59a8dcc410>,<puncta_detect_util.Puncta object at 0x7f59a8dcc1d0>,<puncta_detect_util.Puncta object at 0x7f59a8dcc8d0>,<puncta_detect_util.Puncta object at 0x7f59a8cf7d50>,<puncta_detect_util.Puncta object at 0x7f59a8cf7110>,<puncta_detect_util.Puncta object at 0x7f59a8cf7bd0>,<puncta_detect_util.Puncta object at 0x7f59a8dcc350>,<puncta_detect_util.Puncta object at 0x7f59a8cf74d0>,<puncta_detect_util.Puncta object at 0x7f59a8cf7610>,<puncta_detect_util.Puncta object at 0x7f59a8cf7910>,0.230957,0.233398,0.230957,0.233887,0.231934,0.231934,0.230957,0.231445,0.234375,0.23584,0.236328,0.237305,0.237793,0.233887,0.230957,0.231934,0.23291,0.233398,0.993164,0.993164,0.989258,0.571289,0.571289,0.572266,0.574219,0.575195,0.571289,0.574219,0.574219,0.576172,0.576172,0.577148,0.579102,0.578125,0.575195,0.575195,0.572754,0.574219,0.576172,0.408691,0.418945,0.422852,0.0537109,0.0566406,0.0556641,0.0576172,0.0595703,0.0595703,0.0595703,0.0605469,0.0625,0.0634766,0.0625,0.0644531,0.0615234,0.0595703,0.0576172,0.0576172,0.0556641,0.0566406,0.0136719,0.0136719,0.0214844,0.0527344,0.0527344,0.0546875,0.0546875,0.0566406,0.0566406,0.0585938,0.0585938,0.0585938,0.0605469,0.0605469,0.0605469,0.0585938,0.0585938,0.0566406,0.0556641,0.0546875,0.0546875,0.0439453,0.0410156,0.0449219,True,21,False,False,<puncta_detect_util.Puncta object at 0x7f5998360dd0>,<puncta_detect_util.Puncta object at 0x7f59a8d3dbd0>,<puncta_detect_util.Puncta object at 0x7f59a8e39b50>,<puncta_detect_util.Puncta object at 0x7f59a8e39710>,<puncta_detect_util.Puncta object at 0x7f5998360290>,<puncta_detect_util.Puncta object at 0x7f5998360450>,<puncta_detect_util.Puncta object at 0x7f5998360f90>,<puncta_detect_util.Puncta object at 0x7f5998296390>,<puncta_detect_util.Puncta object at 0x7f5998296a50>,<puncta_detect_util.Puncta object at 0x7f59a8db1b10>,<puncta_detect_util.Puncta object at 0x7f59a8e0ac10>,<puncta_detect_util.Puncta object at 0x7f59a8e0a750>,<puncta_detect_util.Puncta object at 0x7f5998360a90>,<puncta_detect_util.Puncta object at 0x7f59a8e0a250>,<puncta_detect_util.Puncta object at 0x7f5998360210>,<puncta_detect_util.Puncta object at 0x7f59983604d0>,<puncta_detect_util.Puncta object at 0x7f59fdd32050>,<puncta_detect_util.Puncta object at 0x7f59a8e39310>,<puncta_detect_util.Puncta object at 0x7f59a8f3af50>,<puncta_detect_util.Puncta object at 0x7f59a8e39ed0>,<puncta_detect_util.Puncta object at 0x7f59a8e39dd0>,True,93.8090188056276,100.01963824289396,73.09906265602467,77.47579734261126,82.38693651418362,96.54091803077154,34.00502816078051,50.21592278179969,54.12501469435756,82.48498306083411,68.42552447552453,85.62416387959865,125.7976697755339,97.6450635386118,103.42418029125383,75.4729767931949,93.07649731790616,131.94681147312713,108.74831581253602,97.43646432908918,87.80411469665887,,,,True
/mount/local5/chenxi/puncta-detection/data/05-16-2022/1 mM EGTA_2/Captured005.nd2-output,(series 1).tif,1024,False,0,8,0.0527344,518.946658176078,371.3916275153333,350.69563936063923,419.58753628446993,462.8792910608272,392.3800720288118,341.1829180022746,435.8561444261063,334.4831617627192,265.6876523349906,,,,,,,,,,,,<puncta_detect_util.Puncta object at 0x7f5998296590>,<puncta_detect_util.Puncta object at 0x7f59a8f3a290>,<puncta_detect_util.Puncta object at 0x7f59a8f3a110>,<puncta_detect_util.Puncta object at 0x7f59a8dcc590>,<puncta_detect_util.Puncta object at 0x7f59a8dcc210>,<puncta_detect_util.Puncta object at 0x7f59a8dcc890>,<puncta_detect_util.Puncta object at 0x7f59a8dcc610>,<puncta_detect_util.Puncta object at 0x7f59a8dcc9d0>,<puncta_detect_util.Puncta object at 0x7f59a8dcc750>,<puncta_detect_util.Puncta object at 0x7f59a8dcc290>,<puncta_detect_util.Puncta object at 0x7f59a8dcce90>,<puncta_detect_util.Puncta object at 0x7f59a8dcc090>,<puncta_detect_util.Puncta object at 0x7f59a8dcced0>,<puncta_detect_util.Puncta object at 0x7f59a8dcc190>,<puncta_detect_util.Puncta object at 0x7f59a8cf7710>,<puncta_detect_util.Puncta object at 0x7f59a8cf76d0>,<puncta_detect_util.Puncta object at 0x7f59a8cf7a50>,<puncta_detect_util.Puncta object at 0x7f59a8cf73d0>,<puncta_detect_util.Puncta object at 0x7f59a8cf7090>,<puncta_detect_util.Puncta object at 0x7f59a8cf7190>,<puncta_detect_util.Puncta object at 0x7f59a8d3d850>,0.827148,0.827148,0.827148,0.827148,0.827148,0.826172,0.827148,0.827148,0.827148,0.828125,,,,,,,,,,,,0.734375,0.734375,0.734375,0.733398,0.734375,0.733398,0.734375,0.734375,0.734375,0.734375,,,,,,,,,,,,0.0527344,0.0527344,0.0527344,0.0527344,0.0527344,0.0527344,0.0527344,0.0527344,0.0527344,0.0507812,,,,,,,,,,,,0.0507812,0.0507812,0.0507812,0.0527344,0.0527344,0.0527344,0.0507812,0.0507812,0.0507812,0.0507812,,,,,,,,,,,,True,21,False,False,<puncta_detect_util.Puncta object at 0x7f5998360ad0>,<puncta_detect_util.Puncta object at 0x7f5998360390>,<puncta_detect_util.Puncta object at 0x7f59a8e39a50>,<puncta_detect_util.Puncta object at 0x7f59983602d0>,<puncta_detect_util.Puncta object at 0x7f5998360b50>,<puncta_detect_util.Puncta object at 0x7f5998360b90>,<puncta_detect_util.Puncta object at 0x7f5998360650>,<puncta_detect_util.Puncta object at 0x7f5998296910>,<puncta_detect_util.Puncta object at 0x7f5998296250>,<puncta_detect_util.Puncta object at 0x7f59a8e0af10>,<puncta_detect_util.Puncta object at 0x7f59a8e0a2d0>,<puncta_detect_util.Puncta object at 0x7f59a8e0ad50>,<puncta_detect_util.Puncta object at 0x7f5998360610>,<puncta_detect_util.Puncta object at 0x7f59a8e0add0>,<puncta_detect_util.Puncta object at 0x7f5998360990>,<puncta_detect_util.Puncta object at 0x7f59a8e39690>,<puncta_detect_util.Puncta object at 0x7f59a8cf7550>,<puncta_detect_util.Puncta object at 0x7f59a8f3a210>,<puncta_detect_util.Puncta object at 0x7f59a8e39610>,<puncta_detect_util.Puncta object at 0x7f59a8e399d0>,<puncta_detect_util.Puncta object at 0x7f59a8e392d0>,True,136.37342450390952,83.60374072391323,,,,,,,,,,,92.26888983921162,,138.87879386094846,55.10752432475283,119.42023209031413,97.50131407135268,82.70988404977379,95.93890555826647,109.02420666398802,,,,True
/mount/local5/chenxi/puncta-detection/data/05-16-2022/1 mM EGTA_2/Captured005.nd2-output,(series 1).tif,1024,False,0,1,0.0449219,518.984519425866,424.5672998932764,590.2655815117114,524.4243530781828,498.93705335792856,396.0567100416124,,,,,,,,,,,,,,,,<puncta_detect_util.Puncta object at 0x7f5998296c90>,<puncta_detect_util.Puncta object at 0x7f59a8f3af90>,<puncta_detect_util.Puncta object at 0x7f59a8f3a190>,<puncta_detect_util.Puncta object at 0x7f59a8dccc90>,<puncta_detect_util.Puncta object at 0x7f59a8dcc990>,<puncta_detect_util.Puncta object at 0x7f59a8dcc710>,<puncta_detect_util.Puncta object at 0x7f59a8dcc690>,<puncta_detect_util.Puncta object at 0x7f59a8dccf90>,<puncta_detect_util.Puncta object at 0x7f59a8dcc450>,<puncta_detect_util.Puncta object at 0x7f59a8dcc910>,<puncta_detect_util.Puncta object at 0x7f59a8dccf10>,<puncta_detect_util.Puncta object at 0x7f59a8dcce10>,<puncta_detect_util.Puncta object at 0x7f59a8dcc850>,<puncta_detect_util.Puncta object at 0x7f59a8dccf50>,<puncta_detect_util.Puncta object at 0x7f59a8cf7810>,<puncta_detect_util.Puncta object at 0x7f59a8cf7ed0>,<puncta_detect_util.Puncta object at 0x7f59a8cf7e50>,<puncta_detect_util.Puncta object at 0x7f59a8cf70d0>,<puncta_detect_util.Puncta object at 0x7f59a8cf7750>,<puncta_detect_util.Puncta object at 0x7f59a8cf7c90>,<puncta_detect_util.Puncta object at 0x7f59a8d3d210>,0.838867,0.838867,0.837891,0.839844,0.838867,0.839355,,,,,,,,,,,,,,,,0.495605,0.495117,0.495605,0.494629,0.494629,0.494629,,,,,,,,,,,,,,,,0.0449219,0.0449219,0.0429688,0.0429688,0.0429688,0.0419922,,,,,,,,,,,,,,,,0.0419922,0.0429688,0.0419922,0.0419922,0.0419922,0.0419922,,,,,,,,,,,,,,,,True,21,False,False,<puncta_detect_util.Puncta object at 0x7f5998360350>,<puncta_detect_util.Puncta object at 0x7f5998360e50>,<puncta_detect_util.Puncta object at 0x7f59a8e39d90>,<puncta_detect_util.Puncta object at 0x7f59a8e39e10>,<puncta_detect_util.Puncta object at 0x7f5998360910>,<puncta_detect_util.Puncta object at 0x7f59a8e39190>,<puncta_detect_util.Puncta object at 0x7f5998360cd0>,<puncta_detect_util.Puncta object at 0x7f5998296a10>,<puncta_detect_util.Puncta object at 0x7f5998296150>,<puncta_detect_util.Puncta object at 0x7f59a8e0a5d0>,<puncta_detect_util.Puncta object at 0x7f59a8e0a990>,<puncta_detect_util.Puncta object at 0x7f59a8e0a810>,<puncta_detect_util.Puncta object at 0x7f5998360050>,<puncta_detect_util.Puncta object at 0x7f59a8e0a090>,<puncta_detect_util.Puncta object at 0x7f5998360a50>,<puncta_detect_util.Puncta object at 0x7f5998360a10>,<puncta_detect_util.Puncta object at 0x7f59ba4e01d0>,<puncta_detect_util.Puncta object at 0x7f599827dc50>,<puncta_detect_util.Puncta object at 0x7f5a81726bd0>,<puncta_detect_util.Puncta object at 0x7f59a8e39550>,<puncta_detect_util.Puncta object at 0x7f59a8e39d10>,True,164.68395750270156,178.32757525614625,,,,,,,,,,,182.32174691443743,,207.79785139530895,171.55578833684558,186.38545624277094,,,,,,,,True
/mount/local5/chenxi/puncta-detection/data/05-16-2022/1 mM EGTA_2/Captured005.nd2-output,(series 1).tif,1024,False,14,14,0.0644531,,,,,,,,,,,,,,,276.4763452532602,,,,,,,<puncta_detect_util.Puncta object at 0x7f59a8d63290>,<puncta_detect_util.Puncta object at 0x7f59a8d63610>,<puncta_detect_util.Puncta object at 0x7f59a8d63790>,<puncta_detect_util.Puncta object at 0x7f59a8d63110>,<puncta_detect_util.Puncta object at 0x7f59a8d63590>,<puncta_detect_util.Puncta object at 0x7f59a8d63710>,<puncta_detect_util.Puncta object at 0x7f59a8d63b90>,<puncta_detect_util.Puncta object at 0x7f59a8d635d0>,<puncta_detect_util.Puncta object at 0x7f59a8d63dd0>,<puncta_detect_util.Puncta object at 0x7f59a8d63c90>,<puncta_detect_util.Puncta object at 0x7f59a8d638d0>,<puncta_detect_util.Puncta object at 0x7f59a8d63b10>,<puncta_detect_util.Puncta object at 0x7f59a8d634d0>,<puncta_detect_util.Puncta object at 0x7f59a8d63cd0>,<puncta_detect_util.Puncta object at 0x7f59a8cf7690>,<puncta_detect_util.Puncta object at 0x7f59a8cf7490>,<puncta_detect_util.Puncta object at 0x7f59a8cf7450>,<puncta_detect_util.Puncta object at 0x7f59a8cf72d0>,<puncta_detect_util.Puncta object at 0x7f59a8cf7350>,<puncta_detect_util.Puncta object at 0x7f59a8cf71d0>,<puncta_detect_util.Puncta object at 0x7f59a8d3d150>,,,,,,,,,,,,,,,0.20459,,,,,,,,,,,,,,,,,,,,,0.635742,,,,,,,,,,,,,,,,,,,,,0.0556641,,,,,,,,,,,,,,,,,,,,,0.0644531,,,,,,,False,21,False,False,<puncta_detect_util.Puncta object at 0x7f59a8cb3e10>,<puncta_detect_util.Puncta object at 0x7f59a8cb3a90>,<puncta_detect_util.Puncta object at 0x7f59a8cb3ad0>,<puncta_detect_util.Puncta object at 0x7f59a8cb3b50>,<puncta_detect_util.Puncta object at 0x7f59a8cb3990>,<puncta_detect_util.Puncta object at 0x7f59a8cb36d0>,<puncta_detect_util.Puncta object at 0x7f5998296790>,<puncta_detect_util.Puncta object at 0x7f5998296050>,<puncta_detect_util.Puncta object at 0x7f5998296550>,<puncta_detect_util.Puncta object at 0x7f59a8e0ab10>,<puncta_detect_util.Puncta object at 0x7f59a8e0ac90>,<puncta_detect_util.Puncta object at 0x7f59a8e0a050>,<puncta_detect_util.Puncta object at 0x7f59a8cb3510>,<puncta_detect_util.Puncta object at 0x7f59a8e0a690>,<puncta_detect_util.Puncta object at 0x7f59a8cb3d90>,<puncta_detect_util.Puncta object at 0x7f59a8cb3250>,<puncta_detect_util.Puncta object at 0x7f59a8cb3790>,<puncta_detect_util.Puncta object at 0x7f59a8cb3c90>,<puncta_detect_util.Puncta object at 0x7f59a8cb3290>,<puncta_detect_util.Puncta object at 0x7f59a8cb39d0>,<puncta_detect_util.Puncta object at 0x7f59a8cb3750>,False,,,,,,,142.76534492801875,,,,,,,,,,,,,,,,,,False
/mount/local5/chenxi/puncta-detection/data/05-16-2022/1 mM EGTA_2/Captured005.nd2-output,(series 1).tif,1024,False,17,17,0.0664062,,,,,,,,,,,,,,,,,,260.85872289419194,,,,<puncta_detect_util.Puncta object at 0x7f59a8d630d0>,<puncta_detect_util.Puncta object at 0x7f59a8d63e10>,<puncta_detect_util.Puncta object at 0x7f59a8d63650>,<puncta_detect_util.Puncta object at 0x7f59a8d63ed0>,<puncta_detect_util.Puncta object at 0x7f59a8d636d0>,<puncta_detect_util.Puncta object at 0x7f59a8d63f10>,<puncta_detect_util.Puncta object at 0x7f5998360fd0>,<puncta_detect_util.Puncta object at 0x7f59983609d0>,<puncta_detect_util.Puncta object at 0x7f5998360550>,<puncta_detect_util.Puncta object at 0x7f59a8d63890>,<puncta_detect_util.Puncta object at 0x7f5998360c10>,<puncta_detect_util.Puncta object at 0x7f5998360e90>,<puncta_detect_util.Puncta object at 0x7f5998360190>,<puncta_detect_util.Puncta object at 0x7f5998360ed0>,<puncta_detect_util.Puncta object at 0x7f5998360590>,<puncta_detect_util.Puncta object at 0x7f5998360b10>,<puncta_detect_util.Puncta object at 0x7f59983608d0>,<puncta_detect_util.Puncta object at 0x7f59a8cf7f90>,<puncta_detect_util.Puncta object at 0x7f59a8cf7a10>,<puncta_detect_util.Puncta object at 0x7f59a8f14910>,<puncta_detect_util.Puncta object at 0x7f59a8d3dc10>,,,,,,,,,,,,,,,,,,0.203125,,,,,,,,,,,,,,,,,,,,,0.634766,,,,,,,,,,,,,,,,,,,,,0.0507812,,,,,,,,,,,,,,,,,,,,,0.0664062,,,,False,21,False,False,<puncta_detect_util.Puncta object at 0x7f59a8cb3090>,<puncta_detect_util.Puncta object at 0x7f59a8cb3210>,<puncta_detect_util.Puncta object at 0x7f59a8d4a390>,<puncta_detect_util.Puncta object at 0x7f59a8d4af50>,<puncta_detect_util.Puncta object at 0x7f59a8d4a350>,<puncta_detect_util.Puncta object at 0x7f59a8d4a850>,<puncta_detect_util.Puncta object at 0x7f59a8d4a890>,<puncta_detect_util.Puncta object at 0x7f59a8d4a210>,<puncta_detect_util.Puncta object at 0x7f59a8d4aa50>,<puncta_detect_util.Puncta object at 0x7f59a8e0acd0>,<puncta_detect_util.Puncta object at 0x7f59a8e0a650>,<puncta_detect_util.Puncta object at 0x7f59a8e0a1d0>,<puncta_detect_util.Puncta object at 0x7f59a8cb3a10>,<puncta_detect_util.Puncta object at 0x7f59a8e0ae50>,<puncta_detect_util.Puncta object at 0x7f59a8cb38d0>,<puncta_detect_util.Puncta object at 0x7f59a8cb3cd0>,<puncta_detect_util.Puncta object at 0x7f59a8cb3e90>,<puncta_detect_util.Puncta object at 0x7f59a8d4a7d0>,<puncta_detect_util.Puncta object at 0x7f59a8d4a510>,<puncta_detect_util.Puncta object at 0x7f59a8d4a0d0>,<puncta_detect_util.Puncta object at 0x7f59a8cb3590>,False,,,,,,,,,,10.190426787909473,,,,,,,,,,,,,,,False
/mount/local5/chenxi/puncta-detection/data/05-16-2022/1 mM EGTA_2/Captured004.nd2-output,(series 1).tif,1024,False,0,5,0.0654297,332.450694107888,339.3639278057335,278.9876582485422,275.5864613347171,280.42434336179986,298.8769845520824,291.5077277227051,295.47020690330964,331.74609000191913,279.7576948682363,,,,,,,,,,,,<puncta_detect_util.Puncta object at 0x7f59a8f48450>,<puncta_detect_util.Puncta object at 0x7f59a8f48210>,<puncta_detect_util.Puncta object at 0x7f59a8f483d0>,<puncta_detect_util.Puncta object at 0x7f599833f8d0>,<puncta_detect_util.Puncta object at 0x7f599833f790>,<puncta_detect_util.Puncta object at 0x7f599833fc10>,<puncta_detect_util.Puncta object at 0x7f599833f350>,<puncta_detect_util.Puncta object at 0x7f599833f7d0>,<puncta_detect_util.Puncta object at 0x7f599833f450>,<puncta_detect_util.Puncta object at 0x7f599833f1d0>,<puncta_detect_util.Puncta object at 0x7f599833f210>,<puncta_detect_util.Puncta object at 0x7f599833f4d0>,<puncta_detect_util.Puncta object at 0x7f599833fad0>,<puncta_detect_util.Puncta object at 0x7f599833fbd0>,<puncta_detect_util.Puncta object at 0x7f599833fc90>,<puncta_detect_util.Puncta object at 0x7f599833f290>,<puncta_detect_util.Puncta object at 0x7f599833f490>,<puncta_detect_util.Puncta object at 0x7f599833fd10>,<puncta_detect_util.Puncta object at 0x7f59a8e1a910>,,,0.331055,0.331055,0.331055,0.331055,0.331055,0.330566,0.331055,0.331543,0.331543,0.331055,,,,,,,,,,,,0.542969,0.542969,0.543457,0.543457,0.543945,0.543945,0.543945,0.543945,0.543945,0.543945,,,,,,,,,,,,0.0644531,0.0644531,0.0644531,0.0644531,0.0644531,0.0654297,0.0644531,0.0634766,0.0615234,0.0566406,,,,,,,,,,,,0.0625,0.0625,0.0634766,0.0634766,0.0625,0.0644531,0.0644531,0.0644531,0.0605469,0.0566406,,,,,,,,,,,,True,19,False,False,<puncta_detect_util.Puncta object at 0x7f599833f950>,<puncta_detect_util.Puncta object at 0x7f59a8d639d0>,<puncta_detect_util.Puncta object at 0x7f59a8e0a950>,<puncta_detect_util.Puncta object at 0x7f59a8e0ad90>,<puncta_detect_util.Puncta object at 0x7f59a8e0a350>,<puncta_detect_util.Puncta object at 0x7f59982ed910>,<puncta_detect_util.Puncta object at 0x7f59982ed610>,<puncta_detect_util.Puncta object at 0x7f59982edf90>,<puncta_detect_util.Puncta object at 0x7f59982ed6d0>,<puncta_detect_util.Puncta object at 0x7f59982ed450>,<puncta_detect_util.Puncta object at 0x7f59982ed210>,,<puncta_detect_util.Puncta object at 0x7f59a8e0a850>,,<puncta_detect_util.Puncta object at 0x7f59a8e0a610>,<puncta_detect_util.Puncta object at 0x7f59a8e39050>,<puncta_detect_util.Puncta object at 0x7f59983606d0>,<puncta_detect_util.Puncta object at 0x7f59983605d0>,<puncta_detect_util.Puncta object at 0x7f59982ed4d0>,<puncta_detect_util.Puncta object at 0x7f59a8dccd50>,<puncta_detect_util.Puncta object at 0x7f59a8e0a4d0>,True,73.86082945492763,104.78106263570544,,,,,,,,,,,99.13137606217333,,97.89653002152636,61.61203665089897,69.41507261571951,73.16373701755538,113.51640610741106,74.46884201772036,110.36331044596363,,,,True
/mount/local5/chenxi/puncta-detection/data/05-16-2022/1 mM EGTA_2/Captured004.nd2-output,(series 1).tif,1024,False,0,3,0.0498047,426.27127600026915,535.9412450881377,421.0901098901095,355.38490259140144,344.7049772922701,360.4802158382731,408.6384461902985,,,,,,,,,,,,,,,<puncta_detect_util.Puncta object at 0x7f59a8f484d0>,<puncta_detect_util.Puncta object at 0x7f59a8f48410>,<puncta_detect_util.Puncta object at 0x7f599833f150>,<puncta_detect_util.Puncta object at 0x7f599833fed0>,<puncta_detect_util.Puncta object at 0x7f599833f590>,<puncta_detect_util.Puncta object at 0x7f599833f550>,<puncta_detect_util.Puncta object at 0x7f599833fa10>,<puncta_detect_util.Puncta object at 0x7f599833fa90>,<puncta_detect_util.Puncta object at 0x7f599833fd50>,<puncta_detect_util.Puncta object at 0x7f599833f310>,<puncta_detect_util.Puncta object at 0x7f599833f090>,<puncta_detect_util.Puncta object at 0x7f599833f910>,<puncta_detect_util.Puncta object at 0x7f599833f5d0>,<puncta_detect_util.Puncta object at 0x7f599833fdd0>,<puncta_detect_util.Puncta object at 0x7f599833f390>,<puncta_detect_util.Puncta object at 0x7f599833ff50>,<puncta_detect_util.Puncta object at 0x7f599833f510>,<puncta_detect_util.Puncta object at 0x7f59a8e1a9d0>,<puncta_detect_util.Puncta object at 0x7f59a8d63150>,,,0.776855,0.776855,0.776367,0.776855,0.776367,0.775879,0.775391,,,,,,,,,,,,,,,0.460938,0.460449,0.460449,0.461426,0.460449,0.461426,0.462402,,,,,,,,,,,,,,,0.0498047,0.0498047,0.0488281,0.0498047,0.0488281,0.0478516,0.046875,,,,,,,,,,,,,,,0.046875,0.0478516,0.0478516,0.0478516,0.0458984,0.0458984,0.0478516,,,,,,,,,,,,,,,True,19,False,False,<puncta_detect_util.Puncta object at 0x7f59a8dc6350>,<puncta_detect_util.Puncta object at 0x7f59a8dc6e90>,<puncta_detect_util.Puncta object at 0x7f59a8e0a310>,<puncta_detect_util.Puncta object at 0x7f59a8e0a210>,<puncta_detect_util.Puncta object at 0x7f59a8e0aa90>,<puncta_detect_util.Puncta object at 0x7f59a8e0a390>,<puncta_detect_util.Puncta object at 0x7f59982ed510>,<puncta_detect_util.Puncta object at 0x7f59982ed590>,<puncta_detect_util.Puncta object at 0x7f59982ed550>,<puncta_detect_util.Puncta object at 0x7f59982ed310>,<puncta_detect_util.Puncta object at 0x7f59982ede90>,,<puncta_detect_util.Puncta object at 0x7f59a8cf7990>,,<puncta_detect_util.Puncta object at 0x7f59a8e0a150>,<puncta_detect_util.Puncta object at 0x7f59a8dcce50>,<puncta_detect_util.Puncta object at 0x7f59a8cf78d0>,<puncta_detect_util.Puncta object at 0x7f59a8e44890>,<puncta_detect_util.Puncta object at 0x7f59982eda50>,<puncta_detect_util.Puncta object at 0x7f599833f750>,<puncta_detect_util.Puncta object at 0x7f5998296610>,True,109.83457701313273,117.12998907021483,,,,,,,,,,,124.71948980260959,,83.58783455997036,74.18551414962212,146.9825144628021,108.94822178166214,,,,,,,True
/mount/local5/chenxi/puncta-detection/data/05-16-2022/1 mM EGTA_2/Captured004.nd2-output,(series 1).tif,1024,False,0,4,0.0625,318.8475968541843,281.3459587304824,263.98579039610513,199.28473201552106,238.4820738794856,305.03028871218294,,,,,,,,,,,,,,,,<puncta_detect_util.Puncta object at 0x7f59a8f48290>,<puncta_detect_util.Puncta object at 0x7f59a8f48490>,<puncta_detect_util.Puncta object at 0x7f599833f810>,<puncta_detect_util.Puncta object at 0x7f599833ff90>,<puncta_detect_util.Puncta object at 0x7f599833f690>,<puncta_detect_util.Puncta object at 0x7f599833f410>,<puncta_detect_util.Puncta object at 0x7f599833fe90>,<puncta_detect_util.Puncta object at 0x7f599833f190>,<puncta_detect_util.Puncta object at 0x7f599833fb50>,<puncta_detect_util.Puncta object at 0x7f599833f9d0>,<puncta_detect_util.Puncta object at 0x7f599833f3d0>,<puncta_detect_util.Puncta object at 0x7f599833f0d0>,<puncta_detect_util.Puncta object at 0x7f599833f2d0>,<puncta_detect_util.Puncta object at 0x7f599833fcd0>,<puncta_detect_util.Puncta object at 0x7f599833fe50>,<puncta_detect_util.Puncta object at 0x7f599833ffd0>,<puncta_detect_util.Puncta object at 0x7f599833f050>,<puncta_detect_util.Puncta object at 0x7f599833fb90>,<puncta_detect_util.Puncta object at 0x7f59a8e1a210>,,,0.789062,0.787598,0.790039,0.790039,0.791016,0.789062,,,,,,,,,,,,,,,,0.443848,0.446289,0.444336,0.443359,0.440918,0.443359,,,,,,,,,,,,,,,,0.0625,0.0615234,0.0625,0.0625,0.0625,0.0605469,,,,,,,,,,,,,,,,0.0615234,0.0605469,0.0605469,0.0585938,0.0595703,0.0605469,,,,,,,,,,,,,,,,True,19,False,False,<puncta_detect_util.Puncta object at 0x7f59a8cb3dd0>,<puncta_detect_util.Puncta object at 0x7f59a8cb3490>,<puncta_detect_util.Puncta object at 0x7f5998296ed0>,<puncta_detect_util.Puncta object at 0x7f59a8e0a490>,<puncta_detect_util.Puncta object at 0x7f59a8e0afd0>,<puncta_detect_util.Puncta object at 0x7f59a8e0aed0>,<puncta_detect_util.Puncta object at 0x7f59982edc50>,<puncta_detect_util.Puncta object at 0x7f59982ed490>,<puncta_detect_util.Puncta object at 0x7f59982ed0d0>,<puncta_detect_util.Puncta object at 0x7f59982edc10>,<puncta_detect_util.Puncta object at 0x7f59982ed890>,,<puncta_detect_util.Puncta object at 0x7f59a8cf7390>,,<puncta_detect_util.Puncta object at 0x7f5933310050>,<puncta_detect_util.Puncta object at 0x7f59a8e0af50>,<puncta_detect_util.Puncta object at 0x7f59a8e0a710>,<puncta_detect_util.Puncta object at 0x7f5998296810>,<puncta_detect_util.Puncta object at 0x7f59a8e0ac50>,<puncta_detect_util.Puncta object at 0x7f59a8e0a0d0>,<puncta_detect_util.Puncta object at 0x7f59a8e44910>,True,-17.580333906947544,55.8908468396462,,,,,,,,,,,27.669073544645016,,50.72662262338008,52.92301863288549,68.41812895122075,,,,,,,,True
/mount/local5/chenxi/puncta-detection/data/05-16-2022/1 mM EGTA_2/Captured004.nd2-output,(series 1).tif,1024,False,0,8,0.0556641,425.34941460074606,432.59056473829196,334.19510344381206,471.6230349482448,341.4652777777778,375.9666809417313,308.1011425437937,344.94961874228284,308.5044570926116,354.09195315288025,364.29752393820127,,,,,,,,,,,<puncta_detect_util.Puncta object at 0x7f5998283b90>,<puncta_detect_util.Puncta object at 0x7f5998354b50>,<puncta_detect_util.Puncta object at 0x7f59a8f48350>,<puncta_detect_util.Puncta object at 0x7f599833f990>,<puncta_detect_util.Puncta object at 0x7f599833fd90>,<puncta_detect_util.Puncta object at 0x7f599833fb10>,<puncta_detect_util.Puncta object at 0x7f59a8d094d0>,<puncta_detect_util.Puncta object at 0x7f599833ff10>,<puncta_detect_util.Puncta object at 0x7f599833f850>,<puncta_detect_util.Puncta object at 0x7f599833f110>,<puncta_detect_util.Puncta object at 0x7f599833fc50>,<puncta_detect_util.Puncta object at 0x7f599833f650>,<puncta_detect_util.Puncta object at 0x7f599833f610>,<puncta_detect_util.Puncta object at 0x7f599833fe10>,<puncta_detect_util.Puncta object at 0x7f599833f890>,<puncta_detect_util.Puncta object at 0x7f599833fa50>,<puncta_detect_util.Puncta object at 0x7f599833f710>,<puncta_detect_util.Puncta object at 0x7f599833f6d0>,<puncta_detect_util.Puncta object at 0x7f59a8e1abd0>,,,0.805176,0.804199,0.806641,0.805664,0.804688,0.803711,0.805664,0.805664,0.805176,0.804199,0.804199,,,,,,,,,,,0.425781,0.424805,0.426758,0.425781,0.425781,0.425781,0.425293,0.425781,0.425781,0.426758,0.428223,,,,,,,,,,,0.0537109,0.0537109,0.0546875,0.0527344,0.0546875,0.0527344,0.0527344,0.0527344,0.0556641,0.0458984,0.0439453,,,,,,,,,,,0.0546875,0.0546875,0.0527344,0.0527344,0.0527344,0.0546875,0.0556641,0.0546875,0.0546875,0.046875,0.0419922,,,,,,,,,,,True,19,False,False,<puncta_detect_util.Puncta object at 0x7f59a8dc6a50>,<puncta_detect_util.Puncta object at 0x7f59a8cf7510>,<puncta_detect_util.Puncta object at 0x7f59a8e0ae90>,<puncta_detect_util.Puncta object at 0x7f59a8e0a890>,<puncta_detect_util.Puncta object at 0x7f59a8e0abd0>,<puncta_detect_util.Puncta object at 0x7f59a8e0a8d0>,<puncta_detect_util.Puncta object at 0x7f59982ed410>,<puncta_detect_util.Puncta object at 0x7f59982edbd0>,<puncta_detect_util.Puncta object at 0x7f59982ede50>,<puncta_detect_util.Puncta object at 0x7f59982ed790>,<puncta_detect_util.Puncta object at 0x7f59982edd90>,,<puncta_detect_util.Puncta object at 0x7f59a8cf7f10>,,<puncta_detect_util.Puncta object at 0x7f59a8e0ad10>,<puncta_detect_util.Puncta object at 0x7f59a8e0ab50>,<puncta_detect_util.Puncta object at 0x7f59a8e0a510>,<puncta_detect_util.Puncta object at 0x7f5998360510>,<puncta_detect_util.Puncta object at 0x7f59982ed850>,<puncta_detect_util.Puncta object at 0x7f59a8e0aad0>,<puncta_detect_util.Puncta object at 0x7f59982962d0>,True,145.66699351539683,119.68041957298465,132.92821030188225,,,,,,,,,,97.32611578188789,,77.30568999981642,84.96825661813318,34.339075892416986,85.89816318451221,101.10512642397907,59.37094163490747,104.71278017241366,,,,True
/mount/local5/chenxi/puncta-detection/data/05-16-2022/1 mM EGTA_2/Captured007.nd2-output,(series 1).tif,1024,False,0,8,0.0732422,266.6308849817242,292.5886433967962,174.1498292730971,248.73045850761218,343.8307667623226,237.96928314819206,300.19844518955597,261.8297014925374,232.73539431102063,249.90407694570058,220.8809378468104,224.59532460103583,241.42864412578183,201.19340939547328,322.37217499207964,266.6438986444755,262.7471298213977,224.53243168405925,234.43589743589746,,,<puncta_detect_util.Puncta object at 0x7f5998246350>,<puncta_detect_util.Puncta object at 0x7f5998246c10>,<puncta_detect_util.Puncta object at 0x7f59a8d67710>,<puncta_detect_util.Puncta object at 0x7f59a8d67190>,<puncta_detect_util.Puncta object at 0x7f59a8d670d0>,<puncta_detect_util.Puncta object at 0x7f59a8d67990>,<puncta_detect_util.Puncta object at 0x7f59a8e0a290>,<puncta_detect_util.Puncta object at 0x7f59b15f8c50>,<puncta_detect_util.Puncta object at 0x7f59a8d3d550>,<puncta_detect_util.Puncta object at 0x7f59a8d3db90>,<puncta_detect_util.Puncta object at 0x7f59a8d3dad0>,<puncta_detect_util.Puncta object at 0x7f59a8d67790>,<puncta_detect_util.Puncta object at 0x7f59a8d67890>,<puncta_detect_util.Puncta object at 0x7f59a8d67c10>,<puncta_detect_util.Puncta object at 0x7f59a8d67d10>,<puncta_detect_util.Puncta object at 0x7f59a8d67f10>,<puncta_detect_util.Puncta object at 0x7f59a8d67590>,<puncta_detect_util.Puncta object at 0x7f59a8d67ad0>,<puncta_detect_util.Puncta object at 0x7f59a8d67ed0>,<puncta_detect_util.Puncta object at 0x7f59a8d67f50>,,0.289551,0.289551,0.287598,0.287109,0.288086,0.288574,0.287109,0.285645,0.281738,0.28125,0.277832,0.274414,0.274902,0.274414,0.272461,0.268555,0.268555,0.0717773,0.0751953,,,0.842773,0.842773,0.844727,0.841797,0.842285,0.843262,0.84082,0.840332,0.839844,0.839844,0.837402,0.836914,0.838379,0.837891,0.837402,0.84082,0.836426,0.381348,0.381836,,,0.0654297,0.0673828,0.0693359,0.0703125,0.0683594,0.0712891,0.0703125,0.0732422,0.0732422,0.0703125,0.0712891,0.0703125,0.0693359,0.0683594,0.0683594,0.0683594,0.0625,0.0341797,0.0351562,,,0.0644531,0.0683594,0.0683594,0.0703125,0.0693359,0.0712891,0.0703125,0.0712891,0.0703125,0.0703125,0.0712891,0.0703125,0.0693359,0.0703125,0.0673828,0.0644531,0.0595703,0.0341797,0.0351562,,,True,20,False,False,<puncta_detect_util.Puncta object at 0x7f59a8e82d10>,<puncta_detect_util.Puncta object at 0x7f59a8e6dfd0>,<puncta_detect_util.Puncta object at 0x7f59982edfd0>,<puncta_detect_util.Puncta object at 0x7f59982edb50>,<puncta_detect_util.Puncta object at 0x7f59982ed150>,<puncta_detect_util.Puncta object at 0x7f59982edd50>,<puncta_detect_util.Puncta object at 0x7f59a8ce8990>,<puncta_detect_util.Puncta object at 0x7f59a8ce8a50>,<puncta_detect_util.Puncta object at 0x7f59a8ce8750>,<puncta_detect_util.Puncta object at 0x7f59a8ce8bd0>,<puncta_detect_util.Puncta object at 0x7f59a8ce8110>,<puncta_detect_util.Puncta object at 0x7f59a8ce8410>,<puncta_detect_util.Puncta object at 0x7f59a8e6db50>,,<puncta_detect_util.Puncta object at 0x7f59a8e6dc90>,<puncta_detect_util.Puncta object at 0x7f59a8dfded0>,<puncta_detect_util.Puncta object at 0x7f59a8d097d0>,<puncta_detect_util.Puncta object at 0x7f59982ed250>,<puncta_detect_util.Puncta object at 0x7f59982edb90>,<puncta_detect_util.Puncta object at 0x7f59a8e6d850>,<puncta_detect_util.Puncta object at 0x7f59a8d09cd0>,True,88.27051387103711,65.25107308557108,11.575814255502337,43.45127469639874,75.66146636101166,32.67246514887711,65.0227703105661,44.12551413752362,72.40128479100622,223.73766245384604,83.4634250355025,,72.54962790886111,,62.14801393590187,37.69978253614636,34.52289333706585,37.629702729044766,-2.6508205582185838,82.7923540448869,38.92353606953702,,,,True
/mount/local5/chenxi/puncta-detection/data/05-16-2022/1 mM EGTA_2/Captured007.nd2-output,(series 1).tif,1024,False,0,2,0.0634766,295.5646076373205,292.302817549938,269.9692707283057,278.1269219910523,194.13454940216343,276.2122878763157,257.8992406242264,331.061898830832,314.97838831393483,232.58002659577096,297.39835586891695,,,,,,,,,,,<puncta_detect_util.Puncta object at 0x7f5998246d10>,<puncta_detect_util.Puncta object at 0x7f59982467d0>,<puncta_detect_util.Puncta object at 0x7f59a8d676d0>,<puncta_detect_util.Puncta object at 0x7f59a8d67c90>,<puncta_detect_util.Puncta object at 0x7f59a8d677d0>,<puncta_detect_util.Puncta object at 0x7f59a8d67b90>,<puncta_detect_util.Puncta object at 0x7f59a8d67510>,<puncta_detect_util.Puncta object at 0x7f59a8d67610>,<puncta_detect_util.Puncta object at 0x7f59a8d3d090>,<puncta_detect_util.Puncta object at 0x7f59a8d3dc90>,<puncta_detect_util.Puncta object at 0x7f59a8d3d6d0>,<puncta_detect_util.Puncta object at 0x7f59a8d671d0>,<puncta_detect_util.Puncta object at 0x7f59a8d67290>,<puncta_detect_util.Puncta object at 0x7f59a8d67550>,<puncta_detect_util.Puncta object at 0x7f59a8d67a50>,<puncta_detect_util.Puncta object at 0x7f59a8d67250>,<puncta_detect_util.Puncta object at 0x7f59a8d67a10>,<puncta_detect_util.Puncta object at 0x7f59a8d3df50>,<puncta_detect_util.Puncta object at 0x7f59a8d67c50>,<puncta_detect_util.Puncta object at 0x7f59a8d675d0>,,0.374512,0.374512,0.374512,0.373535,0.374023,0.374023,0.374023,0.374023,0.373535,0.373047,0.372559,,,,,,,,,,,0.0766602,0.0771484,0.0766602,0.0761719,0.0771484,0.0776367,0.0776367,0.0766602,0.0776367,0.0776367,0.0766602,,,,,,,,,,,0.0634766,0.0634766,0.0634766,0.0615234,0.0625,0.0605469,0.0605469,0.0585938,0.0576172,0.0585938,0.0556641,,,,,,,,,,,0.0615234,0.0625,0.0615234,0.0605469,0.0605469,0.0595703,0.0595703,0.0576172,0.0576172,0.0556641,0.0537109,,,,,,,,,,,True,20,False,False,<puncta_detect_util.Puncta object at 0x7f59a8d67e10>,<puncta_detect_util.Puncta object at 0x7f59a8e6de10>,<puncta_detect_util.Puncta object at 0x7f59a8d09910>,<puncta_detect_util.Puncta object at 0x7f59982ed750>,<puncta_detect_util.Puncta object at 0x7f59982edc90>,<puncta_detect_util.Puncta object at 0x7f59982ed5d0>,<puncta_detect_util.Puncta object at 0x7f59982ed350>,<puncta_detect_util.Puncta object at 0x7f59a8ce8e50>,<puncta_detect_util.Puncta object at 0x7f59a8ce89d0>,<puncta_detect_util.Puncta object at 0x7f59a8ce8b50>,<puncta_detect_util.Puncta object at 0x7f59a8ce85d0>,<puncta_detect_util.Puncta object at 0x7f59a8ce87d0>,<puncta_detect_util.Puncta object at 0x7f59edc5a690>,,<puncta_detect_util.Puncta object at 0x7f59a8e6dd50>,<puncta_detect_util.Puncta object at 0x7f59982edcd0>,<puncta_detect_util.Puncta object at 0x7f59a8d09850>,<puncta_detect_util.Puncta object at 0x7f59982ed990>,<puncta_detect_util.Puncta object at 0x7f59982edd10>,<puncta_detect_util.Puncta object at 0x7f59a8e6d310>,<puncta_detect_util.Puncta object at 0x7f59a8d09450>,True,76.06329192546582,67.38926943622846,93.75474325836194,,,,,,,,,,70.45797565093699,,46.41396530907923,47.69626427674166,64.38621627035172,111.79865817597829,93.77668287610504,53.82556350186451,20.88057598853493,,,,True
/mount/local5/chenxi/puncta-detection/data/05-16-2022/1 mM EGTA_2/Captured007.nd2-output,(series 1).tif,1024,False,0,2,0.0673828,260.3059927729432,350.2493713215622,355.66890288972127,311.37468269435476,375.3528807242096,242.54850963942863,267.6630985576098,320.9802201422558,280.49334184957206,316.2141173965506,319.2310821382007,268.07724235228943,289.369535948299,281.70119281704774,255.41522698612835,,,,,,,<puncta_detect_util.Puncta object at 0x7f5998246890>,<puncta_detect_util.Puncta object at 0x7f59a8d67950>,<puncta_detect_util.Puncta object at 0x7f59a8d67810>,<puncta_detect_util.Puncta object at 0x7f59a8d67090>,<puncta_detect_util.Puncta object at 0x7f59a8d67210>,<puncta_detect_util.Puncta object at 0x7f59a8d67d50>,<puncta_detect_util.Puncta object at 0x7f59a8d67690>,<puncta_detect_util.Puncta object at 0x7f5998246710>,<puncta_detect_util.Puncta object at 0x7f59a8d3d450>,<puncta_detect_util.Puncta object at 0x7f59a8d3d050>,<puncta_detect_util.Puncta object at 0x7f59a8d3d710>,<puncta_detect_util.Puncta object at 0x7f59a8d67310>,<puncta_detect_util.Puncta object at 0x7f59a8d67dd0>,<puncta_detect_util.Puncta object at 0x7f59a8d67fd0>,<puncta_detect_util.Puncta object at 0x7f59a8d67850>,<puncta_detect_util.Puncta object at 0x7f59a8d67350>,<puncta_detect_util.Puncta object at 0x7f59a8d67a90>,<puncta_detect_util.Puncta object at 0x7f59a8d674d0>,<puncta_detect_util.Puncta object at 0x7f59a8d67110>,<puncta_detect_util.Puncta object at 0x7f59a8d67390>,,0.678711,0.676758,0.678223,0.677734,0.677734,0.676758,0.675781,0.675781,0.675781,0.67627,0.675781,0.67627,0.675781,0.676758,0.676758,,,,,,,0.240723,0.240723,0.240723,0.23877,0.239746,0.240234,0.240234,0.241211,0.239258,0.239746,0.240723,0.244141,0.241211,0.239746,0.239258,,,,,,,0.0644531,0.0664062,0.0673828,0.0664062,0.0664062,0.0664062,0.0664062,0.0664062,0.0644531,0.0634766,0.0625,0.0615234,0.0605469,0.0605469,0.0566406,,,,,,,0.0634766,0.0654297,0.0654297,0.0654297,0.0654297,0.0664062,0.0664062,0.0644531,0.0644531,0.0634766,0.0634766,0.0605469,0.0605469,0.0576172,0.0566406,,,,,,,True,20,False,False,<puncta_detect_util.Puncta object at 0x7f59a8d679d0>,<puncta_detect_util.Puncta object at 0x7f59a8e82fd0>,<puncta_detect_util.Puncta object at 0x7f59a8d09110>,<puncta_detect_util.Puncta object at 0x7f59982ed7d0>,<puncta_detect_util.Puncta object at 0x7f59982ed690>,<puncta_detect_util.Puncta object at 0x7f59982ed190>,<puncta_detect_util.Puncta object at 0x7f59982ed8d0>,<puncta_detect_util.Puncta object at 0x7f59a8ce8b10>,<puncta_detect_util.Puncta object at 0x7f59a8ce8050>,<puncta_detect_util.Puncta object at 0x7f59a8ce8390>,<puncta_detect_util.Puncta object at 0x7f59982ed110>,<puncta_detect_util.Puncta object at 0x7f59a8ce8c10>,<puncta_detect_util.Puncta object at 0x7f59edc5a250>,,<puncta_detect_util.Puncta object at 0x7f59a8e6d210>,<puncta_detect_util.Puncta object at 0x7f59a8e6d550>,<puncta_detect_util.Puncta object at 0x7f59982dced0>,<puncta_detect_util.Puncta object at 0x7f59982ed950>,<puncta_detect_util.Puncta object at 0x7f59982eda90>,<puncta_detect_util.Puncta object at 0x7f59982edad0>,<puncta_detect_util.Puncta object at 0x7f59a8e6d710>,True,72.27533560408756,75.65726950638873,53.59606326916128,66.72299081378287,47.847872318621285,63.2742038972965,57.958774740990975,,,,,,69.93996423423914,,66.47838322179587,35.3641337230074,55.92590131620318,35.09972883684031,77.1027029797101,24.50975852842521,95.25735901004555,,,,True
/mount/local5/chenxi/puncta-detection/data/05-16-2022/1 mM EGTA_2/Captured001.nd2-output,(series 1).tif,1024,False,0,6,0.0605469,386.60719967127443,318.5172705462596,389.78737541528244,467.8795169096902,377.613364091887,382.04861489033874,321.1705047489563,342.3118964056471,236.7835710041595,304.9516625615761,351.1068361761363,351.9654745838957,,,,,,,,,,<puncta_detect_util.Puncta object at 0x7f59a8ea8990>,<puncta_detect_util.Puncta object at 0x7f59a8ea8a10>,<puncta_detect_util.Puncta object at 0x7f59a8ea86d0>,<puncta_detect_util.Puncta object at 0x7f59a8ea8210>,<puncta_detect_util.Puncta object at 0x7f59a8ea8e10>,<puncta_detect_util.Puncta object at 0x7f5998354a10>,<puncta_detect_util.Puncta object at 0x7f59982f7310>,<puncta_detect_util.Puncta object at 0x7f59982f7e10>,<puncta_detect_util.Puncta object at 0x7f59982f7a50>,<puncta_detect_util.Puncta object at 0x7f59a8ea8c50>,<puncta_detect_util.Puncta object at 0x7f59a8ea8090>,<puncta_detect_util.Puncta object at 0x7f59a8ea8450>,<puncta_detect_util.Puncta object at 0x7f59a8ea8dd0>,<puncta_detect_util.Puncta object at 0x7f59a8ea8550>,<puncta_detect_util.Puncta object at 0x7f59a8ea8c10>,<puncta_detect_util.Puncta object at 0x7f59982f7410>,<puncta_detect_util.Puncta object at 0x7f59982f70d0>,,,,,0.595703,0.594727,0.597168,0.59668,0.596191,0.599609,0.602051,0.602051,0.598145,0.600586,0.601074,0.600586,,,,,,,,,,0.272461,0.27002,0.270508,0.270996,0.275391,0.277344,0.280273,0.27832,0.283203,0.283203,0.282715,0.280762,,,,,,,,,,0.0507812,0.0546875,0.0556641,0.0585938,0.0595703,0.0566406,0.0556641,0.0556641,0.0576172,0.0566406,0.0576172,0.0566406,,,,,,,,,,0.0566406,0.0576172,0.0566406,0.0576172,0.0566406,0.0585938,0.0605469,0.0566406,0.0585938,0.0585938,0.0595703,0.0556641,,,,,,,,,,True,17,False,False,<puncta_detect_util.Puncta object at 0x7f59983549d0>,<puncta_detect_util.Puncta object at 0x7f59a940ef90>,<puncta_detect_util.Puncta object at 0x7f59ba56c4d0>,<puncta_detect_util.Puncta object at 0x7f59a940ef50>,<puncta_detect_util.Puncta object at 0x7f59fdfaad10>,<puncta_detect_util.Puncta object at 0x7f59982f7590>,<puncta_detect_util.Puncta object at 0x7f59982f7650>,<puncta_detect_util.Puncta object at 0x7f59a8e82490>,<puncta_detect_util.Puncta object at 0x7f59a8e82d90>,,,,<puncta_detect_util.Puncta object at 0x7f5998360250>,,<puncta_detect_util.Puncta object at 0x7f5a6c03ed90>,<puncta_detect_util.Puncta object at 0x7f59a8ea8350>,<puncta_detect_util.Puncta object at 0x7f59fdd10090>,<puncta_detect_util.Puncta object at 0x7f59a8e828d0>,<puncta_detect_util.Puncta object at 0x7f59a8e82950>,<puncta_detect_util.Puncta object at 0x7f59a8e82510>,<puncta_detect_util.Puncta object at 0x7f59fdd102d0>,True,105.28093853289101,80.00199037424136,65.91735306080955,141.2651504035216,,,,,,,,,88.31687193977677,,11.116999098489941,100.33951140316594,111.68524268237661,80.06536643025993,103.82543238299968,141.15797796948254,113.5049756350736,,,,False
/mount/local5/chenxi/puncta-detection/data/05-16-2022/1 mM EGTA_2/Captured.nd2-output,(series 1).tif,1024,False,0,5,0.0830078,308.73255532845405,268.78851896712376,268.14543653683313,279.35123471176666,261.92075555949805,267.10307180442487,191.3580390943289,232.06997915448892,288.4540397070782,278.105974834074,214.95222494239624,185.34951122357188,251.64082151003186,235.35669723195724,200.17127459118,,,,,,,<puncta_detect_util.Puncta object at 0x7f5998318d50>,<puncta_detect_util.Puncta object at 0x7f5998318890>,<puncta_detect_util.Puncta object at 0x7f59983189d0>,<puncta_detect_util.Puncta object at 0x7f59a8e602d0>,<puncta_detect_util.Puncta object at 0x7f59a8e60a10>,<puncta_detect_util.Puncta object at 0x7f59a8e60710>,<puncta_detect_util.Puncta object at 0x7f59a8e60750>,<puncta_detect_util.Puncta object at 0x7f59a8e60cd0>,<puncta_detect_util.Puncta object at 0x7f59a8e607d0>,<puncta_detect_util.Puncta object at 0x7f59a8e60b90>,<puncta_detect_util.Puncta object at 0x7f59a8e60790>,<puncta_detect_util.Puncta object at 0x7f59a8e60810>,<puncta_detect_util.Puncta object at 0x7f59a8e60250>,<puncta_detect_util.Puncta object at 0x7f59a8e60c10>,<puncta_detect_util.Puncta object at 0x7f59a8e60c90>,<puncta_detect_util.Puncta object at 0x7f59a8e60e90>,<puncta_detect_util.Puncta object at 0x7f59a8d70650>,<puncta_detect_util.Puncta object at 0x7f59a8d70450>,<puncta_detect_util.Puncta object at 0x7f59a8d704d0>,<puncta_detect_util.Puncta object at 0x7f59a8d701d0>,<puncta_detect_util.Puncta object at 0x7f59a8d70ad0>,0.274414,0.274414,0.274414,0.273926,0.273438,0.273926,0.275391,0.274414,0.274414,0.274902,0.273438,0.274414,0.273926,0.273926,0.273438,,,,,,,0.381348,0.379883,0.380859,0.381836,0.381836,0.380371,0.379883,0.380859,0.380859,0.381348,0.380859,0.379395,0.380371,0.379883,0.379883,,,,,,,0.0820312,0.0820312,0.0820312,0.0810547,0.0820312,0.0830078,0.0820312,0.0800781,0.0800781,0.0810547,0.078125,0.0742188,0.0712891,0.0673828,0.0585938,,,,,,,0.0810547,0.0800781,0.0820312,0.0800781,0.0800781,0.0791016,0.078125,0.078125,0.078125,0.0791016,0.078125,0.0732422,0.0712891,0.0664062,0.0566406,,,,,,,True,21,False,False,<puncta_detect_util.Puncta object at 0x7f59a8e6de90>,<puncta_detect_util.Puncta object at 0x7f59a8d70e10>,<puncta_detect_util.Puncta object at 0x7f5998378710>,<puncta_detect_util.Puncta object at 0x7f5998378410>,<puncta_detect_util.Puncta object at 0x7f5998378ad0>,<puncta_detect_util.Puncta object at 0x7f5998378c10>,<puncta_detect_util.Puncta object at 0x7f5998378390>,<puncta_detect_util.Puncta object at 0x7f5998378b50>,<puncta_detect_util.Puncta object at 0x7f5998378790>,<puncta_detect_util.Puncta object at 0x7f5998378210>,<puncta_detect_util.Puncta object at 0x7f5998378290>,<puncta_detect_util.Puncta object at 0x7f59983787d0>,<puncta_detect_util.Puncta object at 0x7f59a8d70610>,<puncta_detect_util.Puncta object at 0x7f5998378050>,<puncta_detect_util.Puncta object at 0x7f59a8d70f10>,<puncta_detect_util.Puncta object at 0x7f5998378350>,<puncta_detect_util.Puncta object at 0x7f5998378150>,<puncta_detect_util.Puncta object at 0x7f5998378690>,<puncta_detect_util.Puncta object at 0x7f5998378d10>,<puncta_detect_util.Puncta object at 0x7f59983784d0>,<puncta_detect_util.Puncta object at 0x7f59983785d0>,True,73.23713530768418,38.711546694019944,31.280516643600095,85.15373003693185,81.45090734636369,57.48884714105134,41.57363945578254,,,,,,68.85793378363405,,80.03962585597264,53.87486564964911,37.62871440711115,32.577838502428676,37.85289634146329,58.32373482213552,28.665114008640103,,,,True
/mount/local5/chenxi/puncta-detection/data/05-16-2022/1 mM EGTA_2/Captured.nd2-output,(series 1).tif,1024,False,0,12,0.0986328,291.8640613258276,234.3689217324668,320.87118467021673,271.796737603127,238.53606783511896,269.80993207801976,220.3143274066415,200.28077258301573,198.29635899594496,171.18331706038862,166.92652394951028,180.8043824187439,154.43948882295172,207.75752590946604,196.22260101445227,138.15164925808676,200.90440946340868,173.72159750357878,209.12716742502698,161.21577115569426,154.45083353301015,<puncta_detect_util.Puncta object at 0x7f5998318390>,<puncta_detect_util.Puncta object at 0x7f5998318210>,<puncta_detect_util.Puncta object at 0x7f5998318d10>,<puncta_detect_util.Puncta object at 0x7f59a8e60310>,<puncta_detect_util.Puncta object at 0x7f59a8e60f50>,<puncta_detect_util.Puncta object at 0x7f59a8e60050>,<puncta_detect_util.Puncta object at 0x7f59a8e60c50>,<puncta_detect_util.Puncta object at 0x7f59a8e60ed0>,<puncta_detect_util.Puncta object at 0x7f59a8e60d10>,<puncta_detect_util.Puncta object at 0x7f59a8e60590>,<puncta_detect_util.Puncta object at 0x7f59a8e600d0>,<puncta_detect_util.Puncta object at 0x7f59a8e60890>,<puncta_detect_util.Puncta object at 0x7f59a8e60610>,<puncta_detect_util.Puncta object at 0x7f59a8e60290>,<puncta_detect_util.Puncta object at 0x7f59a8e60090>,<puncta_detect_util.Puncta object at 0x7f59a8e60bd0>,<puncta_detect_util.Puncta object at 0x7f59a8d70390>,<puncta_detect_util.Puncta object at 0x7f59a8d70fd0>,<puncta_detect_util.Puncta object at 0x7f59a8d70ed0>,<puncta_detect_util.Puncta object at 0x7f59a8d70c50>,<puncta_detect_util.Puncta object at 0x7f59a8ce8490>,0.832031,0.831055,0.832031,0.830566,0.832031,0.832031,0.832031,0.831055,0.832031,0.830078,0.830078,0.831055,0.831543,0.832031,0.832031,0.832031,0.832031,0.832031,0.833008,0.83252,0.833008,0.538086,0.537109,0.537598,0.539062,0.539062,0.537109,0.538086,0.539062,0.537109,0.537598,0.537598,0.538086,0.538574,0.538086,0.539062,0.539551,0.539062,0.540527,0.538086,0.537109,0.537109,0.0917969,0.0957031,0.0976562,0.0947266,0.0976562,0.0976562,0.0976562,0.0976562,0.0976562,0.0976562,0.0976562,0.0976562,0.0986328,0.0976562,0.0976562,0.0957031,0.09375,0.09375,0.0917969,0.0908203,0.0898438,0.0917969,0.0898438,0.0947266,0.0898438,0.0898438,0.09375,0.0957031,0.09375,0.09375,0.0947266,0.0966797,0.0917969,0.0947266,0.0957031,0.09375,0.0908203,0.0917969,0.0908203,0.0878906,0.0878906,0.0859375,True,21,False,False,<puncta_detect_util.Puncta object at 0x7f59a8e6dc10>,<puncta_detect_util.Puncta object at 0x7f59a8f48510>,<puncta_detect_util.Puncta object at 0x7f5998378d90>,<puncta_detect_util.Puncta object at 0x7f5998378550>,<puncta_detect_util.Puncta object at 0x7f5998378590>,<puncta_detect_util.Puncta object at 0x7f5998378b10>,<puncta_detect_util.Puncta object at 0x7f5998378a50>,<puncta_detect_util.Puncta object at 0x7f5998378c50>,<puncta_detect_util.Puncta object at 0x7f5998378e90>,<puncta_detect_util.Puncta object at 0x7f5998378a10>,<puncta_detect_util.Puncta object at 0x7f5998378e50>,<puncta_detect_util.Puncta object at 0x7f5998378950>,<puncta_detect_util.Puncta object at 0x7f59a8e6df90>,<puncta_detect_util.Puncta object at 0x7f5998378990>,<puncta_detect_util.Puncta object at 0x7f59a8d70e50>,<puncta_detect_util.Puncta object at 0x7f59a8d70750>,<puncta_detect_util.Puncta object at 0x7f5998378310>,<puncta_detect_util.Puncta object at 0x7f59983788d0>,<puncta_detect_util.Puncta object at 0x7f5998378f10>,<puncta_detect_util.Puncta object at 0x7f5998378610>,<puncta_detect_util.Puncta object at 0x7f5998378c90>,True,35.02751589018726,92.40233391228139,46.33827898974596,82.09525227305721,63.86895237873887,34.44590738781608,86.66910626319532,61.17960673488187,112.09781254118116,70.31489402268335,25.167024255625165,44.00701460008531,56.35047293155367,54.47964269299155,19.3788609930034,61.51566130473611,75.49062974982098,69.0206115003607,71.99165494395265,68.08793749999995,34.19351878817724,,,,True
/mount/local5/chenxi/puncta-detection/data/05-16-2022/1 mM EGTA_2/Captured002.nd2-output,(series 1).tif,1024,False,0,7,0.0585938,488.8112998727247,603.6581099969039,663.645586041383,490.16367676767686,501.7019321041712,531.5625730994152,470.7302153366463,454.2775943125789,323.57904232859664,320.53981677396087,274.7580533690898,464.1835543972925,504.46126568467025,302.4062808229596,302.66923729042446,373.01017644327476,356.19011627906957,,,,,<puncta_detect_util.Puncta object at 0x7f59982c4cd0>,<puncta_detect_util.Puncta object at 0x7f59982c43d0>,<puncta_detect_util.Puncta object at 0x7f59982c4250>,<puncta_detect_util.Puncta object at 0x7f59982c4450>,<puncta_detect_util.Puncta object at 0x7f59982c4ed0>,<puncta_detect_util.Puncta object at 0x7f59982c4b90>,<puncta_detect_util.Puncta object at 0x7f5a6c03ed50>,<puncta_detect_util.Puncta object at 0x7f59fdd1e750>,<puncta_detect_util.Puncta object at 0x7f59a8e82350>,<puncta_detect_util.Puncta object at 0x7f59a8e82650>,<puncta_detect_util.Puncta object at 0x7f59a8e82b10>,<puncta_detect_util.Puncta object at 0x7f59fdd0cc90>,<puncta_detect_util.Puncta object at 0x7f59a8e82690>,<puncta_detect_util.Puncta object at 0x7f59a8e82450>,<puncta_detect_util.Puncta object at 0x7f59a8dc6690>,<puncta_detect_util.Puncta object at 0x7f59a8dc6790>,<puncta_detect_util.Puncta object at 0x7f59a8dc65d0>,,,,,0.296875,0.297363,0.294922,0.295898,0.29541,0.291992,0.288574,0.288086,0.289551,0.283203,0.282227,0.277344,0.273438,0.276855,0.273926,0.27002,0.266113,,,,,0.699219,0.69873,0.696289,0.697266,0.697266,0.694336,0.693359,0.692871,0.695312,0.694336,0.701172,0.699219,0.697266,0.693848,0.693359,0.690918,0.695801,,,,,0.0429688,0.0439453,0.0449219,0.0488281,0.0458984,0.0546875,0.0556641,0.0585938,0.0498047,0.0527344,0.0566406,0.0527344,0.0546875,0.0517578,0.0537109,0.0498047,0.0478516,,,,,0.046875,0.0498047,0.0507812,0.0507812,0.0507812,0.0488281,0.0507812,0.0458984,0.046875,0.0449219,0.0429688,0.0429688,0.0429688,0.0458984,0.046875,0.0458984,0.0419922,,,,,True,17,False,False,<puncta_detect_util.Puncta object at 0x7f59a8dfdd10>,<puncta_detect_util.Puncta object at 0x7f59982c4e90>,<puncta_detect_util.Puncta object at 0x7f59a8e6d050>,<puncta_detect_util.Puncta object at 0x7f59a8e37410>,<puncta_detect_util.Puncta object at 0x7f59a8e6dcd0>,<puncta_detect_util.Puncta object at 0x7f59a8e379d0>,<puncta_detect_util.Puncta object at 0x7f59a8d70350>,<puncta_detect_util.Puncta object at 0x7f59a8d70cd0>,<puncta_detect_util.Puncta object at 0x7f599826c750>,,,,<puncta_detect_util.Puncta object at 0x7f59982c45d0>,,<puncta_detect_util.Puncta object at 0x7f593330cd10>,<puncta_detect_util.Puncta object at 0x7f5998360110>,<puncta_detect_util.Puncta object at 0x7f59a8d3d350>,<puncta_detect_util.Puncta object at 0x7f59a8e6d650>,<puncta_detect_util.Puncta object at 0x7f59a8e37810>,<puncta_detect_util.Puncta object at 0x7f59a8e6ded0>,<puncta_detect_util.Puncta object at 0x7f59a8df6e90>,True,218.99748136796006,225.42845090683386,117.51330113132144,104.40848415079245,126.22453448609713,71.51259579917041,95.81055179864734,101.08542426280565,97.11714217858616,,,,163.57590168426805,,143.881023660766,111.72213524927474,111.34351946688093,140.05460337687146,139.47461087435477,129.32339973053195,91.22398947951251,,,,True
/mount/local5/chenxi/puncta-detection/data/05-16-2022/1 mM EGTA_2/Captured002.nd2-output,(series 1).tif,1024,False,0,2,0.0478516,184.6287593984962,620.1769943367217,426.1874681752133,601.2950039343464,,,,,,,,,,,,,,,,,,<puncta_detect_util.Puncta object at 0x7f59982c4e50>,<puncta_detect_util.Puncta object at 0x7f59982c4350>,<puncta_detect_util.Puncta object at 0x7f59982c4a10>,<puncta_detect_util.Puncta object at 0x7f59982c4d90>,<puncta_detect_util.Puncta object at 0x7f59a8e829d0>,<puncta_detect_util.Puncta object at 0x7f59982c49d0>,<puncta_detect_util.Puncta object at 0x7f59b15f8c90>,<puncta_detect_util.Puncta object at 0x7f59982c4750>,<puncta_detect_util.Puncta object at 0x7f59a8e82190>,<puncta_detect_util.Puncta object at 0x7f59a8e82850>,<puncta_detect_util.Puncta object at 0x7f59a8e82250>,<puncta_detect_util.Puncta object at 0x7f59982c4510>,<puncta_detect_util.Puncta object at 0x7f59a8e82bd0>,<puncta_detect_util.Puncta object at 0x7f59a8e82a90>,<puncta_detect_util.Puncta object at 0x7f59a8dc6d50>,<puncta_detect_util.Puncta object at 0x7f59982c4950>,<puncta_detect_util.Puncta object at 0x7f59a8dc6750>,,,,,0.38916,0.389648,0.38916,0.838379,,,,,,,,,,,,,,,,,,0.779297,0.77832,0.777344,0.740234,,,,,,,,,,,,,,,,,,0.0400391,0.0449219,0.0478516,0.0400391,,,,,,,,,,,,,,,,,,0.0390625,0.0449219,0.046875,0.0390625,,,,,,,,,,,,,,,,,,False,17,False,False,<puncta_detect_util.Puncta object at 0x7f59982c4c50>,<puncta_detect_util.Puncta object at 0x7f59982c4690>,<puncta_detect_util.Puncta object at 0x7f59a8e6df50>,<puncta_detect_util.Puncta object at 0x7f59a8e37650>,<puncta_detect_util.Puncta object at 0x7f59a8e6d9d0>,<puncta_detect_util.Puncta object at 0x7f59a8d3d650>,<puncta_detect_util.Puncta object at 0x7f59a8e6d4d0>,<puncta_detect_util.Puncta object at 0x7f59a8d70950>,<puncta_detect_util.Puncta object at 0x7f599826c710>,,,,<puncta_detect_util.Puncta object at 0x7f5998378a90>,,<puncta_detect_util.Puncta object at 0x7f59a8d63250>,<puncta_detect_util.Puncta object at 0x7f59a8e37610>,<puncta_detect_util.Puncta object at 0x7f59a8d3d810>,<puncta_detect_util.Puncta object at 0x7f59a8e37ad0>,<puncta_detect_util.Puncta object at 0x7f59a8e37090>,<puncta_detect_util.Puncta object at 0x7f59a8e6d7d0>,<puncta_detect_util.Puncta object at 0x7f59a8dc6dd0>,True,157.93980846732302,113.63780391793625,133.33875329005605,108.00665593129361,,,,,,,,,84.99302413272972,,96.70074470814143,47.68963361446231,65.36962540705554,84.44631329236972,97.61308897609297,72.04009703510019,118.99778083484807,,,,True
/mount/local5/chenxi/puncta-detection/data/05-16-2022/1 mM EGTA_2/Captured002.nd2-output,(series 1).tif,1024,False,1,3,0.0791016,,544.7136733586544,451.5095507605233,587.7746967153553,,,,,,,,,,,,,,,,,,<puncta_detect_util.Puncta object at 0x7f5998378190>,<puncta_detect_util.Puncta object at 0x7f59982c4610>,<puncta_detect_util.Puncta object at 0x7f59982c42d0>,<puncta_detect_util.Puncta object at 0x7f59982c4050>,<puncta_detect_util.Puncta object at 0x7f59a8e82610>,<puncta_detect_util.Puncta object at 0x7f59a8e82410>,<puncta_detect_util.Puncta object at 0x7f59a8e82c50>,<puncta_detect_util.Puncta object at 0x7f59a8e82990>,<puncta_detect_util.Puncta object at 0x7f59a8e82590>,<puncta_detect_util.Puncta object at 0x7f59a8e82c10>,<puncta_detect_util.Puncta object at 0x7f59a8e82d50>,<puncta_detect_util.Puncta object at 0x7f59982c4d10>,<puncta_detect_util.Puncta object at 0x7f59a8e82390>,<puncta_detect_util.Puncta object at 0x7f59a8dc6c50>,<puncta_detect_util.Puncta object at 0x7f59a8dc6610>,<puncta_detect_util.Puncta object at 0x7f59a8dc6c90>,<puncta_detect_util.Puncta object at 0x7f59a8dc6450>,,,,,,0.205566,0.204102,0.203125,,,,,,,,,,,,,,,,,,,0.0800781,0.0791016,0.0795898,,,,,,,,,,,,,,,,,,,0.0439453,0.0449219,0.0429688,,,,,,,,,,,,,,,,,,,0.0546875,0.0625,0.0791016,,,,,,,,,,,,,,,,,,False,17,False,False,<puncta_detect_util.Puncta object at 0x7f5998312c90>,<puncta_detect_util.Puncta object at 0x7f59982c46d0>,<puncta_detect_util.Puncta object at 0x7f59a8e37910>,<puncta_detect_util.Puncta object at 0x7f59a8e37210>,<puncta_detect_util.Puncta object at 0x7f59a8e6d110>,<puncta_detect_util.Puncta object at 0x7f59a8e37290>,<puncta_detect_util.Puncta object at 0x7f59a8d70210>,<puncta_detect_util.Puncta object at 0x7f59a8d70d10>,<puncta_detect_util.Puncta object at 0x7f5998312150>,,,,<puncta_detect_util.Puncta object at 0x7f59a8d63390>,,<puncta_detect_util.Puncta object at 0x7f59a8d63090>,<puncta_detect_util.Puncta object at 0x7f593330cf10>,<puncta_detect_util.Puncta object at 0x7f59a8e37b90>,<puncta_detect_util.Puncta object at 0x7f59a8e37950>,<puncta_detect_util.Puncta object at 0x7f59a8e371d0>,<puncta_detect_util.Puncta object at 0x7f59a8d63d50>,<puncta_detect_util.Puncta object at 0x7f59a8d3d790>,False,,154.54872689710692,,,,,,,,,,,126.63009625503628,,121.15453314311844,,,,,,,,,,False
/mount/local5/chenxi/puncta-detection/data/05-16-2022/1 mM EGTA_2/Captured002.nd2-output,(series 1).tif,1024,False,3,4,0.0507812,,,,648.8574879227053,453.7731720664483,472.9552170932516,403.72797206010773,483.05276595744726,396.12881710302645,335.2585780916552,428.64791038356907,379.8718749999998,,,,,,,,,,<puncta_detect_util.Puncta object at 0x7f59a8e37c10>,<puncta_detect_util.Puncta object at 0x7f59a8e37e90>,<puncta_detect_util.Puncta object at 0x7f59a8e37bd0>,<puncta_detect_util.Puncta object at 0x7f59982c4990>,<puncta_detect_util.Puncta object at 0x7f59a8e82910>,<puncta_detect_util.Puncta object at 0x7f5a6c03ec90>,<puncta_detect_util.Puncta object at 0x7f59a8e82290>,<puncta_detect_util.Puncta object at 0x7f59a8e82790>,<puncta_detect_util.Puncta object at 0x7f59a8e82550>,<puncta_detect_util.Puncta object at 0x7f59a8e82cd0>,<puncta_detect_util.Puncta object at 0x7f59a8e823d0>,<puncta_detect_util.Puncta object at 0x7f59982c47d0>,<puncta_detect_util.Puncta object at 0x7f59a8e82b90>,<puncta_detect_util.Puncta object at 0x7f59a8dc6150>,<puncta_detect_util.Puncta object at 0x7f59a8d63f90>,<puncta_detect_util.Puncta object at 0x7f59a8dc6310>,<puncta_detect_util.Puncta object at 0x7f59a8dc6e10>,,,,,,,,0.38916,0.388672,0.389648,0.38916,0.389648,0.389648,0.38916,0.38916,0.389648,,,,,,,,,,,,,0.77832,0.77832,0.77832,0.77832,0.77832,0.778809,0.778809,0.77832,0.77832,,,,,,,,,,,,,0.0498047,0.0507812,0.0488281,0.0498047,0.0488281,0.0488281,0.0478516,0.0478516,0.046875,,,,,,,,,,,,,0.0488281,0.0488281,0.046875,0.0488281,0.0488281,0.0478516,0.0458984,0.0449219,0.0449219,,,,,,,,,,True,17,False,False,<puncta_detect_util.Puncta object at 0x7f59a8e4c590>,<puncta_detect_util.Puncta object at 0x7f59a8e4c3d0>,<puncta_detect_util.Puncta object at 0x7f59a8e37a50>,<puncta_detect_util.Puncta object at 0x7f59a8e6d610>,<puncta_detect_util.Puncta object at 0x7f59a8e37490>,<puncta_detect_util.Puncta object at 0x7f59a8d70e90>,<puncta_detect_util.Puncta object at 0x7f59a8d70a50>,<puncta_detect_util.Puncta object at 0x7f59a8d70790>,<puncta_detect_util.Puncta object at 0x7f5998312950>,,,,<puncta_detect_util.Puncta object at 0x7f59a8e4c310>,,<puncta_detect_util.Puncta object at 0x7f593330cb90>,<puncta_detect_util.Puncta object at 0x7f59a8df6290>,<puncta_detect_util.Puncta object at 0x7f59a8e37890>,<puncta_detect_util.Puncta object at 0x7f59a8e6dd10>,<puncta_detect_util.Puncta object at 0x7f59a8e6dad0>,<puncta_detect_util.Puncta object at 0x7f5998360710>,<puncta_detect_util.Puncta object at 0x7f59a8d3d890>,False,,,,,,,,,,,,,,,189.0678065163347,,,,,,,,,,True
/mount/local5/chenxi/puncta-detection/data/05-16-2022/1 mM EGTA_2/Captured002.nd2-output,(series 1).tif,1024,False,10,10,0.0751953,,,,,,,,,,,342.15349784028194,268.65547989878996,,,,,,,,,,<puncta_detect_util.Puncta object at 0x7f59a8e37f50>,<puncta_detect_util.Puncta object at 0x7f59a8e373d0>,<puncta_detect_util.Puncta object at 0x7f59a8e37d50>,<puncta_detect_util.Puncta object at 0x7f59a8e37710>,<puncta_detect_util.Puncta object at 0x7f59a8e37a10>,<puncta_detect_util.Puncta object at 0x7f59a8e37ed0>,<puncta_detect_util.Puncta object at 0x7f59a8e37d10>,<puncta_detect_util.Puncta object at 0x7f59a8e37c50>,<puncta_detect_util.Puncta object at 0x7f59a8e37350>,<puncta_detect_util.Puncta object at 0x7f59a8e37110>,<puncta_detect_util.Puncta object at 0x7f59982c4390>,<puncta_detect_util.Puncta object at 0x7f59982c4550>,<puncta_detect_util.Puncta object at 0x7f59a8e824d0>,<puncta_detect_util.Puncta object at 0x7f59a8dc6b50>,<puncta_detect_util.Puncta object at 0x7f59a8dc6fd0>,<puncta_detect_util.Puncta object at 0x7f59a8dc6910>,<puncta_detect_util.Puncta object at 0x7f59a8dc6850>,,,,,,,,,,,,,,,0.295898,0.297852,,,,,,,,,,,,,,,,,,,,0.348145,0.34668,,,,,,,,,,,,,,,,,,,,0.0683594,0.0644531,,,,,,,,,,,,,,,,,,,,0.0751953,0.0722656,,,,,,,,,,False,17,False,False,<puncta_detect_util.Puncta object at 0x7f59a8e4c5d0>,<puncta_detect_util.Puncta object at 0x7f59a8e4c510>,<puncta_detect_util.Puncta object at 0x7f59a8e37f90>,<puncta_detect_util.Puncta object at 0x7f59a8e6df10>,<puncta_detect_util.Puncta object at 0x7f59a8e37250>,<puncta_detect_util.Puncta object at 0x7f59a8d702d0>,<puncta_detect_util.Puncta object at 0x7f59a8d708d0>,<puncta_detect_util.Puncta object at 0x7f59a8d70290>,<puncta_detect_util.Puncta object at 0x7f5998312610>,,,,<puncta_detect_util.Puncta object at 0x7f59a8e4c350>,,<puncta_detect_util.Puncta object at 0x7f59a8e4c6d0>,<puncta_detect_util.Puncta object at 0x7f59a8e4cf10>,<puncta_detect_util.Puncta object at 0x7f59a8e4c0d0>,<puncta_detect_util.Puncta object at 0x7f59a8e4c4d0>,<puncta_detect_util.Puncta object at 0x7f59a8e4ccd0>,<puncta_detect_util.Puncta object at 0x7f59a8e4c990>,<puncta_detect_util.Puncta object at 0x7f59a8e4cc90>,False,,,327.33370285613,347.8470041002606,,,,,,,,,,,,,,,,,,,,,True
