folder,file name,image size,adjacent,initial frame,equatorial frame,equatorial size,value 0 ch0,value 1 ch0,value 2 ch0,value 3 ch0,value 4 ch0,value 5 ch0,value 6 ch0,value 7 ch0,value 8 ch0,value 9 ch0,value 10 ch0,value 11 ch0,value 12 ch0,value 13 ch0,value 14 ch0,value 15 ch0,value 16 ch0,value 17 ch0,value 18 ch0,value 19 ch0,value 20 ch0,value 21 ch0,value 22 ch0,puncta 0 ch0,puncta 1 ch0,puncta 2 ch0,puncta 3 ch0,puncta 4 ch0,puncta 5 ch0,puncta 6 ch0,puncta 7 ch0,puncta 8 ch0,puncta 9 ch0,puncta 10 ch0,puncta 11 ch0,puncta 12 ch0,puncta 13 ch0,puncta 14 ch0,puncta 15 ch0,puncta 16 ch0,puncta 17 ch0,puncta 18 ch0,puncta 19 ch0,puncta 20 ch0,puncta 21 ch0,puncta 22 ch0,x 0,x 1,x 2,x 3,x 4,x 5,x 6,x 7,x 8,x 9,x 10,x 11,x 12,x 13,x 14,x 15,x 16,x 17,x 18,x 19,x 20,x 21,x 22,y 0,y 1,y 2,y 3,y 4,y 5,y 6,y 7,y 8,y 9,y 10,y 11,y 12,y 13,y 14,y 15,y 16,y 17,y 18,y 19,y 20,y 21,y 22,w 0,w 1,w 2,w 3,w 4,w 5,w 6,w 7,w 8,w 9,w 10,w 11,w 12,w 13,w 14,w 15,w 16,w 17,w 18,w 19,w 20,w 21,w 22,h 0,h 1,h 2,h 3,h 4,h 5,h 6,h 7,h 8,h 9,h 10,h 11,h 12,h 13,h 14,h 15,h 16,h 17,h 18,h 19,h 20,h 21,h 22,quality ch0,num frame,new punctate ch0,new punctate ch1,puncta 0 ch1,puncta 1 ch1,puncta 10 ch1,puncta 11 ch1,puncta 12 ch1,puncta 13 ch1,puncta 14 ch1,puncta 15 ch1,puncta 16 ch1,puncta 17 ch1,puncta 18 ch1,puncta 19 ch1,puncta 2 ch1,puncta 20 ch1,puncta 21 ch1,puncta 22 ch1,puncta 3 ch1,puncta 4 ch1,puncta 5 ch1,puncta 6 ch1,puncta 7 ch1,puncta 8 ch1,puncta 9 ch1,quality ch1,value 0 ch1,value 1 ch1,value 10 ch1,value 11 ch1,value 12 ch1,value 13 ch1,value 14 ch1,value 15 ch1,value 16 ch1,value 17 ch1,value 18 ch1,value 19 ch1,value 2 ch1,value 20 ch1,value 21 ch1,value 22 ch1,value 3 ch1,value 4 ch1,value 5 ch1,value 6 ch1,value 7 ch1,value 8 ch1,value 9 ch1,colocalization ch0 ch1,colocalization weight ch0 ch1,new colocalization ch0 ch1,square quality
/mount/local5/chenxi/puncta-detection/data/05-15-2022/1 mM EGTA/Captured003.nd2-output,(series 1).tif,1024,False,0,3,0.0390625,283.58973214285743,566.6512494179733,260.2900485436894,229.18856113874108,,,,,,,,,,,,,,,,,,,,<puncta_detect_util.Puncta object at 0x7f59a8d21590>,<puncta_detect_util.Puncta object at 0x7f59983017d0>,<puncta_detect_util.Puncta object at 0x7f5998301410>,<puncta_detect_util.Puncta object at 0x7f59983010d0>,<puncta_detect_util.Puncta object at 0x7f5998301050>,<puncta_detect_util.Puncta object at 0x7f5998301d10>,<puncta_detect_util.Puncta object at 0x7f59a8d21550>,<puncta_detect_util.Puncta object at 0x7f5998301150>,<puncta_detect_util.Puncta object at 0x7f5998301a10>,<puncta_detect_util.Puncta object at 0x7f5998301650>,<puncta_detect_util.Puncta object at 0x7f5998301850>,<puncta_detect_util.Puncta object at 0x7f59983011d0>,<puncta_detect_util.Puncta object at 0x7f5998301c90>,<puncta_detect_util.Puncta object at 0x7f5998301b10>,<puncta_detect_util.Puncta object at 0x7f5998301290>,<puncta_detect_util.Puncta object at 0x7f5998301090>,<puncta_detect_util.Puncta object at 0x7f5998354b10>,<puncta_detect_util.Puncta object at 0x7f59983547d0>,<puncta_detect_util.Puncta object at 0x7f5998354510>,<puncta_detect_util.Puncta object at 0x7f5998354410>,<puncta_detect_util.Puncta object at 0x7f5998354050>,<puncta_detect_util.Puncta object at 0x7f5998354450>,<puncta_detect_util.Puncta object at 0x7f5998354d50>,0.00585938,0.00537109,0.00585938,0.00488281,,,,,,,,,,,,,,,,,,,,0.786621,0.78418,0.783203,0.785156,,,,,,,,,,,,,,,,,,,,0.0117188,0.0107422,0.0117188,0.00976562,,,,,,,,,,,,,,,,,,,,0.0380859,0.0351562,0.0351562,0.0390625,,,,,,,,,,,,,,,,,,,,False,23,False,False,<puncta_detect_util.Puncta object at 0x7f5998354190>,<puncta_detect_util.Puncta object at 0x7f599836db90>,<puncta_detect_util.Puncta object at 0x7f5998306d50>,<puncta_detect_util.Puncta object at 0x7f5998306fd0>,<puncta_detect_util.Puncta object at 0x7f5998306c90>,<puncta_detect_util.Puncta object at 0x7f5998306190>,<puncta_detect_util.Puncta object at 0x7f5998306390>,<puncta_detect_util.Puncta object at 0x7f5998306cd0>,<puncta_detect_util.Puncta object at 0x7f59983069d0>,<puncta_detect_util.Puncta object at 0x7f5998306450>,<puncta_detect_util.Puncta object at 0x7f5998306050>,<puncta_detect_util.Puncta object at 0x7f5998306790>,<puncta_detect_util.Puncta object at 0x7f599836dcd0>,<puncta_detect_util.Puncta object at 0x7f5998306210>,<puncta_detect_util.Puncta object at 0x7f59982fba90>,<puncta_detect_util.Puncta object at 0x7f59982fb3d0>,<puncta_detect_util.Puncta object at 0x7f599836ddd0>,<puncta_detect_util.Puncta object at 0x7f5998306590>,<puncta_detect_util.Puncta object at 0x7f5998306b90>,<puncta_detect_util.Puncta object at 0x7f5998306950>,<puncta_detect_util.Puncta object at 0x7f5998306ad0>,<puncta_detect_util.Puncta object at 0x7f5998306490>,<puncta_detect_util.Puncta object at 0x7f5998306110>,False,94.69034090909099,132.6403139853087,,,,,,,,,,,95.62381689115409,,,,81.09999999999991,,,,,,,,,,False
/mount/local5/chenxi/puncta-detection/data/05-15-2022/1 mM EGTA/Captured003.nd2-output,(series 1).tif,1024,False,0,18,0.0898438,645.1956892872386,485.9316542832171,439.78818784712075,443.08886614817857,415.4747539796558,400.5405280600171,338.53286117050175,390.95598783484274,254.9673990863962,334.83205864400134,339.0967087658969,279.01284841399183,327.58406140231546,247.9961197054913,243.67699039539775,274.5032623294642,273.73010959167095,264.0083854872455,245.25258060090528,330.05951061888027,304.14401956068605,292.3197438009229,301.3147049019926,<puncta_detect_util.Puncta object at 0x7f59a8d21950>,<puncta_detect_util.Puncta object at 0x7f59fdcef310>,<puncta_detect_util.Puncta object at 0x7f5998301d50>,<puncta_detect_util.Puncta object at 0x7f5998301ed0>,<puncta_detect_util.Puncta object at 0x7f5998301310>,<puncta_detect_util.Puncta object at 0x7f5998301cd0>,<puncta_detect_util.Puncta object at 0x7f5998301910>,<puncta_detect_util.Puncta object at 0x7f5998301b90>,<puncta_detect_util.Puncta object at 0x7f5998301f10>,<puncta_detect_util.Puncta object at 0x7f5998301450>,<puncta_detect_util.Puncta object at 0x7f5998301fd0>,<puncta_detect_util.Puncta object at 0x7f5998301690>,<puncta_detect_util.Puncta object at 0x7f59983015d0>,<puncta_detect_util.Puncta object at 0x7f5998301510>,<puncta_detect_util.Puncta object at 0x7f5998301790>,<puncta_detect_util.Puncta object at 0x7f5998301c10>,<puncta_detect_util.Puncta object at 0x7f5998354c10>,<puncta_detect_util.Puncta object at 0x7f5998354d10>,<puncta_detect_util.Puncta object at 0x7f5998354a10>,<puncta_detect_util.Puncta object at 0x7f59983542d0>,<puncta_detect_util.Puncta object at 0x7f5998354790>,<puncta_detect_util.Puncta object at 0x7f59983543d0>,<puncta_detect_util.Puncta object at 0x7f5998354350>,0.17041,0.17041,0.170898,0.171387,0.17041,0.17041,0.17041,0.171875,0.169434,0.17041,0.171387,0.171387,0.169434,0.169922,0.168945,0.169434,0.17041,0.169922,0.168945,0.168945,0.167969,0.168945,0.169922,0.338867,0.337891,0.337891,0.337891,0.337402,0.337891,0.337402,0.337891,0.336914,0.337891,0.336426,0.337402,0.336914,0.335938,0.336914,0.336914,0.337891,0.338379,0.339355,0.339355,0.337891,0.338867,0.336914,0.0693359,0.0712891,0.0722656,0.0771484,0.0791016,0.0810547,0.0849609,0.0859375,0.0869141,0.0888672,0.0869141,0.0869141,0.0888672,0.0898438,0.0878906,0.0888672,0.0888672,0.0898438,0.0898438,0.0878906,0.0878906,0.0878906,0.0839844,0.0683594,0.0703125,0.0703125,0.0742188,0.0771484,0.078125,0.0810547,0.0820312,0.0839844,0.0859375,0.0849609,0.0849609,0.0859375,0.0859375,0.0859375,0.0859375,0.0859375,0.0869141,0.0869141,0.0849609,0.0839844,0.0839844,0.0800781,True,23,False,False,<puncta_detect_util.Puncta object at 0x7f5998354150>,<puncta_detect_util.Puncta object at 0x7f5998354750>,<puncta_detect_util.Puncta object at 0x7f5998306690>,<puncta_detect_util.Puncta object at 0x7f5998306e90>,<puncta_detect_util.Puncta object at 0x7f5998306910>,<puncta_detect_util.Puncta object at 0x7f5998306350>,<puncta_detect_util.Puncta object at 0x7f5998306f10>,<puncta_detect_util.Puncta object at 0x7f5998306f50>,<puncta_detect_util.Puncta object at 0x7f5998306a10>,<puncta_detect_util.Puncta object at 0x7f59983067d0>,<puncta_detect_util.Puncta object at 0x7f59983061d0>,<puncta_detect_util.Puncta object at 0x7f5998306650>,<puncta_detect_util.Puncta object at 0x7f59fdfaad10>,<puncta_detect_util.Puncta object at 0x7f5998306a50>,<puncta_detect_util.Puncta object at 0x7f59982fb5d0>,<puncta_detect_util.Puncta object at 0x7f59982fb310>,<puncta_detect_util.Puncta object at 0x7f599836de50>,<puncta_detect_util.Puncta object at 0x7f5998306810>,<puncta_detect_util.Puncta object at 0x7f59983066d0>,<puncta_detect_util.Puncta object at 0x7f5998306090>,<puncta_detect_util.Puncta object at 0x7f5998306410>,<puncta_detect_util.Puncta object at 0x7f59983062d0>,<puncta_detect_util.Puncta object at 0x7f5998306b10>,True,68.44931026607856,65.23113068508746,-6.32726290932942,44.52163394544368,61.91624099115825,50.37371215566827,38.22013470261345,65.28713416627943,60.953780656087474,28.919628275915784,32.01362745782126,24.740294523138346,72.1820692875217,52.82322995404638,39.28730761169709,34.382584301202314,65.04118378343401,102.30887641708705,31.15911657313518,62.79450109826848,67.65998140197553,62.34375966192283,44.66813220286622,,,,True
/mount/local5/chenxi/puncta-detection/data/05-15-2022/1 mM EGTA/Captured003.nd2-output,(series 1).tif,1024,False,0,20,0.105469,652.5244051578466,644.9636589442825,687.4582012502751,460.14512078282087,578.21531001226,663.4241232509235,523.2145571278825,589.5335488044625,454.38263765040574,367.9222861209005,436.83557275426074,484.5034348871782,408.94968794478564,373.09096601292686,452.4130515725906,378.9840055925133,433.43555439588,309.1276652108086,342.053521574514,260.9658639265713,350.9007938738232,405.28939376357266,369.00695468133654,<puncta_detect_util.Puncta object at 0x7f5998301dd0>,<puncta_detect_util.Puncta object at 0x7f5998301f90>,<puncta_detect_util.Puncta object at 0x7f59983018d0>,<puncta_detect_util.Puncta object at 0x7f5998301390>,<puncta_detect_util.Puncta object at 0x7f5998301e90>,<puncta_detect_util.Puncta object at 0x7f59983013d0>,<puncta_detect_util.Puncta object at 0x7f5998301e50>,<puncta_detect_util.Puncta object at 0x7f5998301f50>,<puncta_detect_util.Puncta object at 0x7f59983019d0>,<puncta_detect_util.Puncta object at 0x7f5998301890>,<puncta_detect_util.Puncta object at 0x7f5998301610>,<puncta_detect_util.Puncta object at 0x7f5998301c50>,<puncta_detect_util.Puncta object at 0x7f5998301350>,<puncta_detect_util.Puncta object at 0x7f5998301810>,<puncta_detect_util.Puncta object at 0x7f5998301110>,<puncta_detect_util.Puncta object at 0x7f5998301990>,<puncta_detect_util.Puncta object at 0x7f5998354910>,<puncta_detect_util.Puncta object at 0x7f5998354610>,<puncta_detect_util.Puncta object at 0x7f5998354710>,<puncta_detect_util.Puncta object at 0x7f5998354e90>,<puncta_detect_util.Puncta object at 0x7f5998354f90>,<puncta_detect_util.Puncta object at 0x7f5998354650>,<puncta_detect_util.Puncta object at 0x7f5998354850>,0.65918,0.659668,0.661133,0.660156,0.660156,0.661133,0.660156,0.661133,0.660645,0.660645,0.661133,0.660645,0.662109,0.661133,0.660156,0.661133,0.661133,0.662109,0.661133,0.661133,0.661133,0.661133,0.660645,0.758789,0.758301,0.758301,0.757812,0.757812,0.759277,0.757812,0.757324,0.756348,0.757812,0.757812,0.756836,0.756836,0.756836,0.755859,0.755859,0.754883,0.754883,0.755859,0.755859,0.755859,0.756836,0.756836,0.0566406,0.0654297,0.0683594,0.0742188,0.0800781,0.0839844,0.0898438,0.0917969,0.0947266,0.0966797,0.0996094,0.0986328,0.101562,0.101562,0.101562,0.103516,0.103516,0.105469,0.103516,0.103516,0.105469,0.103516,0.104492,0.0585938,0.0654297,0.0693359,0.0742188,0.078125,0.0810547,0.0859375,0.0869141,0.0888672,0.0898438,0.09375,0.09375,0.0957031,0.0957031,0.0976562,0.0976562,0.0957031,0.0996094,0.101562,0.101562,0.101562,0.103516,0.101562,True,23,False,False,<puncta_detect_util.Puncta object at 0x7f5998301550>,<puncta_detect_util.Puncta object at 0x7f599836df50>,<puncta_detect_util.Puncta object at 0x7f59983068d0>,<puncta_detect_util.Puncta object at 0x7f5998306d90>,<puncta_detect_util.Puncta object at 0x7f5998306310>,<puncta_detect_util.Puncta object at 0x7f5998306e50>,<puncta_detect_util.Puncta object at 0x7f5998306250>,<puncta_detect_util.Puncta object at 0x7f5998306c50>,<puncta_detect_util.Puncta object at 0x7f5998306f90>,<puncta_detect_util.Puncta object at 0x7f599836dd90>,<puncta_detect_util.Puncta object at 0x7f5998306710>,<puncta_detect_util.Puncta object at 0x7f5998306ed0>,<puncta_detect_util.Puncta object at 0x7f599836df90>,<puncta_detect_util.Puncta object at 0x7f5998306bd0>,<puncta_detect_util.Puncta object at 0x7f59982fb710>,<puncta_detect_util.Puncta object at 0x7f59982fba10>,<puncta_detect_util.Puncta object at 0x7f599836de90>,<puncta_detect_util.Puncta object at 0x7f5998306750>,<puncta_detect_util.Puncta object at 0x7f59983060d0>,<puncta_detect_util.Puncta object at 0x7f5998306a90>,<puncta_detect_util.Puncta object at 0x7f5998306290>,<puncta_detect_util.Puncta object at 0x7f5998306150>,<puncta_detect_util.Puncta object at 0x7f5998306d10>,True,194.714105948447,201.32697490065493,51.500221614324346,42.115132574196195,84.2775429765602,68.23729717941887,35.77623274478583,71.5512129032254,30.521184917851315,55.69437213340825,49.407321336859695,20.763448037661874,156.28055544961853,35.85957693524006,29.199359902657307,87.99248152494465,108.17006383773105,87.69833460958034,97.7415328807906,124.12090253472616,97.90010261079033,138.60972191200426,127.03747197897837,,,,True
/mount/local5/chenxi/puncta-detection/data/05-15-2022/1 mM EGTA/Captured004.nd2-output,(series 1).tif,1024,False,0,0,0.0380859,403.5789187227865,,,,,,,,,,,,,,,,,,,,,,,<puncta_detect_util.Puncta object at 0x7f599825c090>,<puncta_detect_util.Puncta object at 0x7f59982fae10>,<puncta_detect_util.Puncta object at 0x7f59982fa290>,<puncta_detect_util.Puncta object at 0x7f59a8ce4b90>,<puncta_detect_util.Puncta object at 0x7f59a8d09610>,<puncta_detect_util.Puncta object at 0x7f59982fa750>,<puncta_detect_util.Puncta object at 0x7f59a8db1190>,<puncta_detect_util.Puncta object at 0x7f59a8e1c510>,<puncta_detect_util.Puncta object at 0x7f59a8e1c810>,<puncta_detect_util.Puncta object at 0x7f59a8e52310>,<puncta_detect_util.Puncta object at 0x7f59fddfb350>,<puncta_detect_util.Puncta object at 0x7f59a8df6fd0>,<puncta_detect_util.Puncta object at 0x7f5998306890>,<puncta_detect_util.Puncta object at 0x7f59982facd0>,<puncta_detect_util.Puncta object at 0x7f59a8d09d50>,<puncta_detect_util.Puncta object at 0x7f59a8d09210>,<puncta_detect_util.Puncta object at 0x7f599836d050>,<puncta_detect_util.Puncta object at 0x7f59a8d09750>,<puncta_detect_util.Puncta object at 0x7f59a8d89690>,<puncta_detect_util.Puncta object at 0x7f59a8d09350>,<puncta_detect_util.Puncta object at 0x7f59a8d09810>,,,0.0424805,,,,,,,,,,,,,,,,,,,,,,,0.0961914,,,,,,,,,,,,,,,,,,,,,,,0.0380859,,,,,,,,,,,,,,,,,,,,,,,0.0380859,,,,,,,,,,,,,,,,,,,,,,,False,21,False,False,<puncta_detect_util.Puncta object at 0x7f59a8d70150>,<puncta_detect_util.Puncta object at 0x7f59a8d7bb50>,<puncta_detect_util.Puncta object at 0x7f5998309bd0>,<puncta_detect_util.Puncta object at 0x7f5998309810>,<puncta_detect_util.Puncta object at 0x7f59983096d0>,<puncta_detect_util.Puncta object at 0x7f5998309790>,<puncta_detect_util.Puncta object at 0x7f59983097d0>,<puncta_detect_util.Puncta object at 0x7f59983092d0>,<puncta_detect_util.Puncta object at 0x7f59982c2a10>,<puncta_detect_util.Puncta object at 0x7f59983098d0>,<puncta_detect_util.Puncta object at 0x7f5998309cd0>,<puncta_detect_util.Puncta object at 0x7f599832c2d0>,<puncta_detect_util.Puncta object at 0x7f59a8d9a590>,<puncta_detect_util.Puncta object at 0x7f599832c890>,,,<puncta_detect_util.Puncta object at 0x7f59982c2390>,<puncta_detect_util.Puncta object at 0x7f5998309150>,<puncta_detect_util.Puncta object at 0x7f59a8d09190>,<puncta_detect_util.Puncta object at 0x7f5998309210>,<puncta_detect_util.Puncta object at 0x7f5998309310>,<puncta_detect_util.Puncta object at 0x7f59982c20d0>,<puncta_detect_util.Puncta object at 0x7f5998309a90>,False,142.97922284944434,,,,,,,,,,,,,,,,,,,,,,,,,,True
/mount/local5/chenxi/puncta-detection/data/05-15-2022/1 mM EGTA/Captured004.nd2-output,(series 1).tif,1024,False,0,4,0.0507812,639.7782603443065,548.6566339066344,369.45997477458104,344.3805430833363,375.7415219189411,,,,,,,,,,,,,,,,,,,<puncta_detect_util.Puncta object at 0x7f59a8d6bed0>,<puncta_detect_util.Puncta object at 0x7f59982fa7d0>,<puncta_detect_util.Puncta object at 0x7f59982fa210>,<puncta_detect_util.Puncta object at 0x7f59982faad0>,<puncta_detect_util.Puncta object at 0x7f59982fa610>,<puncta_detect_util.Puncta object at 0x7f59982fa8d0>,<puncta_detect_util.Puncta object at 0x7f59a8db1610>,<puncta_detect_util.Puncta object at 0x7f59a8e1ce10>,<puncta_detect_util.Puncta object at 0x7f59a8f68dd0>,<puncta_detect_util.Puncta object at 0x7f59a8e52910>,<puncta_detect_util.Puncta object at 0x7f59fdeb0150>,<puncta_detect_util.Puncta object at 0x7f59a8df69d0>,<puncta_detect_util.Puncta object at 0x7f5998306850>,<puncta_detect_util.Puncta object at 0x7f59982fa650>,<puncta_detect_util.Puncta object at 0x7f59a8d092d0>,<puncta_detect_util.Puncta object at 0x7f59a8d09150>,<puncta_detect_util.Puncta object at 0x7f59a8d096d0>,<puncta_detect_util.Puncta object at 0x7f59a8d09ed0>,<puncta_detect_util.Puncta object at 0x7f59a8d89490>,<puncta_detect_util.Puncta object at 0x7f59a8d09e50>,<puncta_detect_util.Puncta object at 0x7f59a8d09e10>,,,0.0830078,0.0834961,0.0834961,0.0830078,0.0825195,,,,,,,,,,,,,,,,,,,0.591797,0.591797,0.592285,0.591797,0.591797,,,,,,,,,,,,,,,,,,,0.046875,0.0498047,0.0498047,0.0507812,0.0498047,,,,,,,,,,,,,,,,,,,0.046875,0.0507812,0.0498047,0.0507812,0.0507812,,,,,,,,,,,,,,,,,,,False,21,False,False,<puncta_detect_util.Puncta object at 0x7f59a8db0290>,<puncta_detect_util.Puncta object at 0x7f59a8db0990>,<puncta_detect_util.Puncta object at 0x7f5998309510>,<puncta_detect_util.Puncta object at 0x7f5998309090>,<puncta_detect_util.Puncta object at 0x7f5998309d90>,<puncta_detect_util.Puncta object at 0x7f5998309110>,<puncta_detect_util.Puncta object at 0x7f5998309690>,<puncta_detect_util.Puncta object at 0x7f5998309b10>,<puncta_detect_util.Puncta object at 0x7f5998309910>,<puncta_detect_util.Puncta object at 0x7f5998309550>,<puncta_detect_util.Puncta object at 0x7f5998309fd0>,<puncta_detect_util.Puncta object at 0x7f599832cd50>,<puncta_detect_util.Puncta object at 0x7f59982fa590>,<puncta_detect_util.Puncta object at 0x7f599832cf90>,,,<puncta_detect_util.Puncta object at 0x7f59982c2650>,<puncta_detect_util.Puncta object at 0x7f5998309390>,<puncta_detect_util.Puncta object at 0x7f5998309b50>,<puncta_detect_util.Puncta object at 0x7f5998309d10>,<puncta_detect_util.Puncta object at 0x7f59983090d0>,<puncta_detect_util.Puncta object at 0x7f59982c2f90>,<puncta_detect_util.Puncta object at 0x7f5998309490>,False,92.29882793388788,120.04744495509794,,,,,,,,,,,100.02138424177019,,,,81.31390909252559,106.83390572705366,,,,,,,,,True
/mount/local5/chenxi/puncta-detection/data/05-15-2022/1 mM EGTA/Captured004.nd2-output,(series 1).tif,1024,False,0,8,0.0625,261.4944769330732,304.3707862603087,514.2034233304739,408.6232082804386,291.9851772927914,207.09527467941462,380.5516631026235,340.48344343243207,186.00779788535692,315.7582995416351,553.8306279999001,204.70055722351935,207.90308666743067,384.42981379854564,251.86865638274094,332.8732878603778,,,,,,,,<puncta_detect_util.Puncta object at 0x7f59a8e39a10>,<puncta_detect_util.Puncta object at 0x7f59a8ce4290>,<puncta_detect_util.Puncta object at 0x7f59982fab90>,<puncta_detect_util.Puncta object at 0x7f59982faa90>,<puncta_detect_util.Puncta object at 0x7f59982fa950>,<puncta_detect_util.Puncta object at 0x7f59983544d0>,<puncta_detect_util.Puncta object at 0x7f59a8ce8290>,<puncta_detect_util.Puncta object at 0x7f59a8d85990>,<puncta_detect_util.Puncta object at 0x7f59a8debfd0>,<puncta_detect_util.Puncta object at 0x7f59a8e1cbd0>,<puncta_detect_util.Puncta object at 0x7f5998301950>,<puncta_detect_util.Puncta object at 0x7f59a8d21990>,<puncta_detect_util.Puncta object at 0x7f59a8d21c10>,<puncta_detect_util.Puncta object at 0x7f59a8ce4050>,<puncta_detect_util.Puncta object at 0x7f5998354ed0>,<puncta_detect_util.Puncta object at 0x7f59982fa2d0>,<puncta_detect_util.Puncta object at 0x7f59a8db66d0>,<puncta_detect_util.Puncta object at 0x7f59a8d70190>,<puncta_detect_util.Puncta object at 0x7f59a8d89290>,<puncta_detect_util.Puncta object at 0x7f59a8d89510>,<puncta_detect_util.Puncta object at 0x7f59a8d09f10>,,,0.247559,0.247559,0.24707,0.248047,0.248047,0.248047,0.24707,0.248047,0.248047,0.247559,0.248047,0.248047,0.248047,0.247559,0.247559,0.248047,,,,,,,,0.635254,0.635742,0.635254,0.633789,0.634277,0.634766,0.634766,0.634766,0.634766,0.634766,0.635254,0.633789,0.635742,0.634766,0.634766,0.634766,,,,,,,,0.0556641,0.0595703,0.0605469,0.0605469,0.0625,0.0625,0.0585938,0.0585938,0.0625,0.0595703,0.0585938,0.0585938,0.0585938,0.0576172,0.0595703,0.0585938,,,,,,,,0.0556641,0.0585938,0.0595703,0.0605469,0.0615234,0.0625,0.0585938,0.0566406,0.0625,0.0585938,0.0576172,0.0566406,0.0566406,0.0546875,0.0585938,0.0585938,,,,,,,,True,21,False,True,<puncta_detect_util.Puncta object at 0x7f59982fa410>,<puncta_detect_util.Puncta object at 0x7f59a8d9a890>,<puncta_detect_util.Puncta object at 0x7f5998309ad0>,<puncta_detect_util.Puncta object at 0x7f5998309850>,<puncta_detect_util.Puncta object at 0x7f5998309f50>,<puncta_detect_util.Puncta object at 0x7f5998309250>,<puncta_detect_util.Puncta object at 0x7f5998309750>,<puncta_detect_util.Puncta object at 0x7f5998309c10>,<puncta_detect_util.Puncta object at 0x7f5998309610>,<puncta_detect_util.Puncta object at 0x7f5998309dd0>,<puncta_detect_util.Puncta object at 0x7f5998309450>,<puncta_detect_util.Puncta object at 0x7f599832c390>,<puncta_detect_util.Puncta object at 0x7f59a8d9aad0>,<puncta_detect_util.Puncta object at 0x7f599832c4d0>,,,<puncta_detect_util.Puncta object at 0x7f59982c2090>,<puncta_detect_util.Puncta object at 0x7f59982c2cd0>,<puncta_detect_util.Puncta object at 0x7f5998309590>,<puncta_detect_util.Puncta object at 0x7f59983095d0>,<puncta_detect_util.Puncta object at 0x7f5998309290>,<puncta_detect_util.Puncta object at 0x7f59982c2ed0>,<puncta_detect_util.Puncta object at 0x7f5998309890>,True,378.716567453318,791.3188871206357,694.4899454121087,978.6179127190258,491.2875143205365,482.79553659179146,579.7596959088896,251.36978178483878,,,,,935.1875663505489,,,,1020.3509732119292,735.3892318152848,932.4996772085779,970.463559935909,1231.2391223748928,929.2399385795243,871.1067663584063,0.0,21.0,0.0,True
/mount/local5/chenxi/puncta-detection/data/05-15-2022/1 mM EGTA/Captured004.nd2-output,(series 1).tif,1024,False,2,14,0.0605469,,,666.1541237977144,496.21564581428765,521.7541798244765,471.65082437809724,485.1476017416344,417.31137694269955,388.513113952547,404.46388993905475,423.4723014491269,408.1569497501555,381.5733093595222,332.99479449020373,355.8500917631991,307.3732472946572,391.20006213753095,324.7156975775765,,,,,,<puncta_detect_util.Puncta object at 0x7f59a8d098d0>,<puncta_detect_util.Puncta object at 0x7f59982c2790>,<puncta_detect_util.Puncta object at 0x7f59982fa3d0>,<puncta_detect_util.Puncta object at 0x7f59982fac90>,<puncta_detect_util.Puncta object at 0x7f59a8db9e10>,<puncta_detect_util.Puncta object at 0x7f5998354b90>,<puncta_detect_util.Puncta object at 0x7f59a8d85c90>,<puncta_detect_util.Puncta object at 0x7f59a8cec110>,<puncta_detect_util.Puncta object at 0x7f59a8d63a10>,<puncta_detect_util.Puncta object at 0x7f59a8df66d0>,<puncta_detect_util.Puncta object at 0x7f59982fa450>,<puncta_detect_util.Puncta object at 0x7f59a8e0f690>,<puncta_detect_util.Puncta object at 0x7f5998354cd0>,<puncta_detect_util.Puncta object at 0x7f59982faf10>,<puncta_detect_util.Puncta object at 0x7f59a8d09090>,<puncta_detect_util.Puncta object at 0x7f599836d990>,<puncta_detect_util.Puncta object at 0x7f599836d110>,<puncta_detect_util.Puncta object at 0x7f59a8d89350>,<puncta_detect_util.Puncta object at 0x7f59a8d09790>,<puncta_detect_util.Puncta object at 0x7f59a8d09a10>,<puncta_detect_util.Puncta object at 0x7f59a8d09c90>,,,,,0.690918,0.690918,0.690918,0.691406,0.69043,0.69043,0.69043,0.69043,0.69043,0.69043,0.69043,0.69043,0.69043,0.689941,0.69043,0.69043,,,,,,,,0.736328,0.736328,0.736328,0.736328,0.736816,0.736816,0.736816,0.737305,0.736816,0.737305,0.737305,0.737305,0.736328,0.737305,0.736328,0.736328,,,,,,,,0.0537109,0.0556641,0.0556641,0.0585938,0.0605469,0.0605469,0.0605469,0.0605469,0.0605469,0.0605469,0.0605469,0.0605469,0.0605469,0.0576172,0.0566406,0.0546875,,,,,,,,0.0546875,0.0546875,0.0546875,0.0585938,0.0595703,0.0595703,0.0595703,0.0605469,0.0595703,0.0605469,0.0605469,0.0605469,0.0585938,0.0566406,0.0546875,0.0546875,,,,,,True,21,False,False,<puncta_detect_util.Puncta object at 0x7f599832c210>,<puncta_detect_util.Puncta object at 0x7f59982bb110>,<puncta_detect_util.Puncta object at 0x7f5998309c50>,<puncta_detect_util.Puncta object at 0x7f59983099d0>,<puncta_detect_util.Puncta object at 0x7f5998309e10>,<puncta_detect_util.Puncta object at 0x7f5998309f90>,<puncta_detect_util.Puncta object at 0x7f59983094d0>,<puncta_detect_util.Puncta object at 0x7f5998309e90>,<puncta_detect_util.Puncta object at 0x7f5998309950>,<puncta_detect_util.Puncta object at 0x7f5998309d50>,<puncta_detect_util.Puncta object at 0x7f599832c810>,<puncta_detect_util.Puncta object at 0x7f599832ca90>,<puncta_detect_util.Puncta object at 0x7f59a8d9add0>,<puncta_detect_util.Puncta object at 0x7f599832c5d0>,,,<puncta_detect_util.Puncta object at 0x7f59982c23d0>,<puncta_detect_util.Puncta object at 0x7f5998309410>,<puncta_detect_util.Puncta object at 0x7f5998309a10>,<puncta_detect_util.Puncta object at 0x7f5998309c90>,<puncta_detect_util.Puncta object at 0x7f5998309f10>,<puncta_detect_util.Puncta object at 0x7f59982c2890>,<puncta_detect_util.Puncta object at 0x7f5998309050>,True,,,129.3251811735422,96.79950276689033,92.65505401668952,83.85327087539827,58.4326764419111,41.20642090227511,113.75268757493495,112.14363354037232,,,177.84182686921758,,,,81.5479267525966,142.3314229390071,171.7492983881789,85.44895726505138,97.20759626253403,129.84925443700877,136.31807111017815,,,,True
/mount/local5/chenxi/puncta-detection/data/05-15-2022/1 mM EGTA/Captured001.nd2-output,(series 1).tif,1024,False,0,5,0.0498047,822.3317115684022,819.68028246515,715.0886047009558,591.4161906989339,483.46108112775755,438.6588282363414,385.3839732561778,404.3290551263626,362.5432329865257,441.9916342580591,357.63254124884816,,,,,,,,,,,,,<puncta_detect_util.Puncta object at 0x7f59982eba90>,<puncta_detect_util.Puncta object at 0x7f59982eb1d0>,<puncta_detect_util.Puncta object at 0x7f59982eb3d0>,<puncta_detect_util.Puncta object at 0x7f59982eb210>,<puncta_detect_util.Puncta object at 0x7f59982ebc50>,<puncta_detect_util.Puncta object at 0x7f59982efe90>,<puncta_detect_util.Puncta object at 0x7f59982ef210>,<puncta_detect_util.Puncta object at 0x7f59982efd50>,<puncta_detect_util.Puncta object at 0x7f59982eb610>,<puncta_detect_util.Puncta object at 0x7f59982ebcd0>,<puncta_detect_util.Puncta object at 0x7f59982eff10>,<puncta_detect_util.Puncta object at 0x7f59982efc10>,<puncta_detect_util.Puncta object at 0x7f59982ef1d0>,<puncta_detect_util.Puncta object at 0x7f59982eb8d0>,<puncta_detect_util.Puncta object at 0x7f59982eb050>,<puncta_detect_util.Puncta object at 0x7f59982ef590>,<puncta_detect_util.Puncta object at 0x7f59982efa50>,<puncta_detect_util.Puncta object at 0x7f59a8d09550>,<puncta_detect_util.Puncta object at 0x7f59982ef810>,<puncta_detect_util.Puncta object at 0x7f59982ef9d0>,<puncta_detect_util.Puncta object at 0x7f59982bbc50>,<puncta_detect_util.Puncta object at 0x7f59982bb590>,<puncta_detect_util.Puncta object at 0x7f59982bb2d0>,0.36377,0.36377,0.364258,0.36377,0.363281,0.362793,0.363281,0.362793,0.363281,0.363281,0.362305,,,,,,,,,,,,,0.463867,0.464355,0.464355,0.464355,0.464355,0.464844,0.464844,0.463867,0.464355,0.464355,0.463867,,,,,,,,,,,,,0.0419922,0.0439453,0.0449219,0.0478516,0.0488281,0.0498047,0.0488281,0.0478516,0.046875,0.046875,0.0449219,,,,,,,,,,,,,0.0410156,0.0439453,0.0439453,0.0458984,0.0478516,0.0488281,0.0488281,0.0488281,0.0478516,0.0458984,0.0449219,,,,,,,,,,,,,True,23,False,False,<puncta_detect_util.Puncta object at 0x7f59982bb150>,<puncta_detect_util.Puncta object at 0x7f59982bbe90>,<puncta_detect_util.Puncta object at 0x7f59a8cb8150>,<puncta_detect_util.Puncta object at 0x7f59a8cb84d0>,<puncta_detect_util.Puncta object at 0x7f59a8cb8e50>,<puncta_detect_util.Puncta object at 0x7f59a8cb87d0>,<puncta_detect_util.Puncta object at 0x7f59a8cb8090>,<puncta_detect_util.Puncta object at 0x7f59a8cb8410>,<puncta_detect_util.Puncta object at 0x7f59a8cb8e90>,<puncta_detect_util.Puncta object at 0x7f59a8cb83d0>,<puncta_detect_util.Puncta object at 0x7f59a8cb8890>,<puncta_detect_util.Puncta object at 0x7f59a8d01390>,<puncta_detect_util.Puncta object at 0x7f59a8d85090>,<puncta_detect_util.Puncta object at 0x7f59a8d01610>,<puncta_detect_util.Puncta object at 0x7f59a8d01d90>,<puncta_detect_util.Puncta object at 0x7f59a8d01410>,<puncta_detect_util.Puncta object at 0x7f59982ef290>,<puncta_detect_util.Puncta object at 0x7f59a8cb8810>,<puncta_detect_util.Puncta object at 0x7f59a8cb8710>,<puncta_detect_util.Puncta object at 0x7f59a8cb82d0>,<puncta_detect_util.Puncta object at 0x7f59a8cb8a10>,<puncta_detect_util.Puncta object at 0x7f59982ef7d0>,<puncta_detect_util.Puncta object at 0x7f59a8cb8d10>,True,115.41720003776072,102.9825433911883,129.76476269315663,,,,,,,,,,168.67580307807566,,,,107.69934961473155,132.34389762444744,131.83265694209285,90.67204853882504,70.2248430329364,105.84628476048147,163.12980983356056,,,,True
/mount/local5/chenxi/puncta-detection/data/05-15-2022/1 mM EGTA/Captured001.nd2-output,(series 1).tif,1024,False,0,20,0.09375,779.7179750434375,786.9450053966539,702.6235243345586,601.0800396388113,510.52517709294443,449.68173557692444,421.4423965044848,316.2011388638048,241.83686165499512,327.31966458154784,300.94991201608855,289.76566818571655,321.61941154221995,320.6810030312381,219.8967921247704,310.3956183135092,283.74101918771703,266.57037867431745,249.77802727988183,232.84200862461148,245.83236442133057,276.2856335085439,265.2707553640389,<puncta_detect_util.Puncta object at 0x7f59982ebad0>,<puncta_detect_util.Puncta object at 0x7f59a8e46550>,<puncta_detect_util.Puncta object at 0x7f59a8e4c490>,<puncta_detect_util.Puncta object at 0x7f59a8e4cc10>,<puncta_detect_util.Puncta object at 0x7f59982eb7d0>,<puncta_detect_util.Puncta object at 0x7f59a8ea8590>,<puncta_detect_util.Puncta object at 0x7f59982ef790>,<puncta_detect_util.Puncta object at 0x7f59982efc50>,<puncta_detect_util.Puncta object at 0x7f59982efe50>,<puncta_detect_util.Puncta object at 0x7f59982eb510>,<puncta_detect_util.Puncta object at 0x7f59982eb2d0>,<puncta_detect_util.Puncta object at 0x7f59982ef150>,<puncta_detect_util.Puncta object at 0x7f59982ef550>,<puncta_detect_util.Puncta object at 0x7f59982ebd10>,<puncta_detect_util.Puncta object at 0x7f59982eb710>,<puncta_detect_util.Puncta object at 0x7f59982ebbd0>,<puncta_detect_util.Puncta object at 0x7f59a8e39ad0>,<puncta_detect_util.Puncta object at 0x7f59a8d09c10>,<puncta_detect_util.Puncta object at 0x7f59a8d09f90>,<puncta_detect_util.Puncta object at 0x7f59982ef250>,<puncta_detect_util.Puncta object at 0x7f5998309a50>,<puncta_detect_util.Puncta object at 0x7f59982bb050>,<puncta_detect_util.Puncta object at 0x7f59982bb790>,0.46875,0.46875,0.46875,0.469238,0.46875,0.467773,0.469238,0.46875,0.46875,0.46875,0.469238,0.468262,0.470215,0.46875,0.469238,0.469727,0.469727,0.468262,0.46875,0.467773,0.46875,0.467773,0.467773,0.595703,0.59668,0.596191,0.597168,0.596191,0.59668,0.59668,0.59668,0.59668,0.596191,0.59668,0.595703,0.595703,0.595703,0.59668,0.59668,0.59668,0.595703,0.594727,0.595703,0.595703,0.595703,0.595703,0.0566406,0.0605469,0.0664062,0.0712891,0.078125,0.0820312,0.0849609,0.0859375,0.0859375,0.0878906,0.0888672,0.0888672,0.0908203,0.0898438,0.0908203,0.0917969,0.0917969,0.0908203,0.0898438,0.0917969,0.09375,0.0917969,0.0917969,0.0527344,0.0605469,0.0654297,0.0693359,0.0751953,0.078125,0.0800781,0.0839844,0.0839844,0.0849609,0.0859375,0.0859375,0.0898438,0.0878906,0.0859375,0.0878906,0.0878906,0.0898438,0.0878906,0.0898438,0.0898438,0.0898438,0.0898438,True,23,False,False,<puncta_detect_util.Puncta object at 0x7f59982eb350>,<puncta_detect_util.Puncta object at 0x7f59982eb5d0>,<puncta_detect_util.Puncta object at 0x7f59a8cb8290>,<puncta_detect_util.Puncta object at 0x7f59a8cb8450>,<puncta_detect_util.Puncta object at 0x7f59a8cb8b10>,<puncta_detect_util.Puncta object at 0x7f59a8cb8750>,<puncta_detect_util.Puncta object at 0x7f59a8cb8610>,<puncta_detect_util.Puncta object at 0x7f59a8cb8a90>,<puncta_detect_util.Puncta object at 0x7f59a8cb8e10>,<puncta_detect_util.Puncta object at 0x7f59a8cb81d0>,<puncta_detect_util.Puncta object at 0x7f59a8cb8a50>,<puncta_detect_util.Puncta object at 0x7f59982ef5d0>,<puncta_detect_util.Puncta object at 0x7f5998373550>,<puncta_detect_util.Puncta object at 0x7f59a8d01450>,<puncta_detect_util.Puncta object at 0x7f59a8d01350>,<puncta_detect_util.Puncta object at 0x7f59a8d01f10>,<puncta_detect_util.Puncta object at 0x7f5998373150>,<puncta_detect_util.Puncta object at 0x7f59982ef110>,<puncta_detect_util.Puncta object at 0x7f59982bb1d0>,<puncta_detect_util.Puncta object at 0x7f59a8cb8210>,<puncta_detect_util.Puncta object at 0x7f59a8cb8b90>,<puncta_detect_util.Puncta object at 0x7f59a8cb8650>,<puncta_detect_util.Puncta object at 0x7f59a8cb8190>,True,219.46431493582395,171.75303411067262,94.56778315381598,59.64807813328025,31.99924895771528,101.89221151875381,63.02010722737441,-13.621926460636132,,,,,139.64934785770265,,,,138.32480343076304,94.28731939163481,88.42001546729534,48.43844348344419,122.50576261519836,37.020915778119615,108.07058186100812,,,,True
/mount/local5/chenxi/puncta-detection/data/05-15-2022/1 mM EGTA/Captured001.nd2-output,(series 1).tif,1024,False,2,3,0.0654297,,,759.5401880702511,570.3697253913701,335.7838582313102,422.5348742420633,327.94244542099796,299.9545617667359,275.6909685401997,248.88453331378878,299.48922572495076,264.20319125886,199.93573028035598,223.23136606306798,198.5173797909406,242.9993501607496,275.97068952322616,161.2816053338006,222.78194323171738,210.15966370033902,243.59451808286485,,,<puncta_detect_util.Puncta object at 0x7f59982bb450>,<puncta_detect_util.Puncta object at 0x7f5998373450>,<puncta_detect_util.Puncta object at 0x7f59982eb750>,<puncta_detect_util.Puncta object at 0x7f59982eb4d0>,<puncta_detect_util.Puncta object at 0x7f59982ebe90>,<puncta_detect_util.Puncta object at 0x7f59982efa10>,<puncta_detect_util.Puncta object at 0x7f59982ef650>,<puncta_detect_util.Puncta object at 0x7f59982ef950>,<puncta_detect_util.Puncta object at 0x7f59982eb990>,<puncta_detect_util.Puncta object at 0x7f59982eff90>,<puncta_detect_util.Puncta object at 0x7f59982ef690>,<puncta_detect_util.Puncta object at 0x7f59982ef350>,<puncta_detect_util.Puncta object at 0x7f59982efe10>,<puncta_detect_util.Puncta object at 0x7f59982ebed0>,<puncta_detect_util.Puncta object at 0x7f59982ef510>,<puncta_detect_util.Puncta object at 0x7f59982efad0>,<puncta_detect_util.Puncta object at 0x7f59982efed0>,<puncta_detect_util.Puncta object at 0x7f59a8d09a90>,<puncta_detect_util.Puncta object at 0x7f59982efb10>,<puncta_detect_util.Puncta object at 0x7f59982ef0d0>,<puncta_detect_util.Puncta object at 0x7f59982bb8d0>,<puncta_detect_util.Puncta object at 0x7f59982bb810>,<puncta_detect_util.Puncta object at 0x7f59982bb410>,,,0.820801,0.816406,0.822754,0.824219,0.823242,0.825195,0.825195,0.82373,0.824219,0.824219,0.823242,0.824219,0.822266,0.82373,0.825195,0.826172,0.826172,0.827148,0.827148,,,,,0.280273,0.26416,0.28125,0.280762,0.28125,0.28125,0.282227,0.283203,0.282715,0.282715,0.283203,0.283203,0.283203,0.282715,0.282227,0.28125,0.279785,0.279785,0.27832,,,,,0.0458984,0.0546875,0.0537109,0.0546875,0.0566406,0.0605469,0.0566406,0.0576172,0.0585938,0.0585938,0.0566406,0.0585938,0.0546875,0.0556641,0.0566406,0.0585938,0.0585938,0.0566406,0.0527344,,,,,0.0449219,0.0654297,0.0507812,0.0537109,0.0546875,0.0546875,0.0527344,0.0527344,0.0517578,0.0537109,0.0507812,0.0527344,0.0507812,0.0517578,0.0527344,0.0527344,0.0537109,0.0556641,0.0527344,,,True,23,False,False,<puncta_detect_util.Puncta object at 0x7f59a8d01890>,<puncta_detect_util.Puncta object at 0x7f5998371850>,<puncta_detect_util.Puncta object at 0x7f59a8cb8910>,<puncta_detect_util.Puncta object at 0x7f59a8cb8950>,<puncta_detect_util.Puncta object at 0x7f59a8cb8fd0>,<puncta_detect_util.Puncta object at 0x7f59a8cb8990>,<puncta_detect_util.Puncta object at 0x7f59a8cb8b50>,<puncta_detect_util.Puncta object at 0x7f59a8cb8390>,<puncta_detect_util.Puncta object at 0x7f59a8cb8d50>,<puncta_detect_util.Puncta object at 0x7f59a8cb8ad0>,<puncta_detect_util.Puncta object at 0x7f59a8cb8d90>,<puncta_detect_util.Puncta object at 0x7f59a8d01cd0>,<puncta_detect_util.Puncta object at 0x7f59982bbf50>,<puncta_detect_util.Puncta object at 0x7f59a8d01b10>,<puncta_detect_util.Puncta object at 0x7f59a8d01a10>,<puncta_detect_util.Puncta object at 0x7f59a8d01190>,<puncta_detect_util.Puncta object at 0x7f5998373e10>,<puncta_detect_util.Puncta object at 0x7f59a8cb8690>,<puncta_detect_util.Puncta object at 0x7f59a8cb8c10>,<puncta_detect_util.Puncta object at 0x7f59a8cb8bd0>,<puncta_detect_util.Puncta object at 0x7f59a8cb8f90>,<puncta_detect_util.Puncta object at 0x7f59a8cb8790>,<puncta_detect_util.Puncta object at 0x7f59a8cb8850>,True,,,87.96123977946309,116.39927226027385,78.33483457597413,58.52292750960987,44.38285260806515,17.613858306897782,101.11483145019747,55.19398252570318,6.834497154569817,45.000071095438216,135.24830828881068,,,,103.13618097627659,90.82215243207247,19.952666558168858,145.54576502732198,76.92907419584662,98.98331895083857,82.23098439539808,,,,True
/mount/local5/chenxi/puncta-detection/data/05-15-2022/1 mM EGTA/Captured001.nd2-output,(series 1).tif,1024,False,4,15,0.0703125,,,,,345.2138694638693,383.20431451497507,423.7415473466276,287.8573937411238,353.6479393309105,245.48305549462566,235.89390040273747,258.54719228868044,248.170173742702,216.8528135186798,212.19609611373835,218.49794372929045,239.89611496244925,222.9195910081703,142.68446954417095,242.15347496123331,,,,<puncta_detect_util.Puncta object at 0x7f5998373490>,<puncta_detect_util.Puncta object at 0x7f5998373c90>,<puncta_detect_util.Puncta object at 0x7f5998373a50>,<puncta_detect_util.Puncta object at 0x7f5998373c50>,<puncta_detect_util.Puncta object at 0x7f59982eb650>,<puncta_detect_util.Puncta object at 0x7f59982efb90>,<puncta_detect_util.Puncta object at 0x7f59982ef390>,<puncta_detect_util.Puncta object at 0x7f59982ef4d0>,<puncta_detect_util.Puncta object at 0x7f59982eb590>,<puncta_detect_util.Puncta object at 0x7f59982ef450>,<puncta_detect_util.Puncta object at 0x7f59982efdd0>,<puncta_detect_util.Puncta object at 0x7f59982ef890>,<puncta_detect_util.Puncta object at 0x7f59982ef410>,<puncta_detect_util.Puncta object at 0x7f59982eb890>,<puncta_detect_util.Puncta object at 0x7f59982ef710>,<puncta_detect_util.Puncta object at 0x7f59982ef8d0>,<puncta_detect_util.Puncta object at 0x7f59982ef090>,<puncta_detect_util.Puncta object at 0x7f59982ef750>,<puncta_detect_util.Puncta object at 0x7f59982ebf10>,<puncta_detect_util.Puncta object at 0x7f59982ef190>,<puncta_detect_util.Puncta object at 0x7f59982bb4d0>,<puncta_detect_util.Puncta object at 0x7f59982bbe10>,<puncta_detect_util.Puncta object at 0x7f59982bb290>,,,,,0.81543,0.815918,0.811035,0.811035,0.810547,0.811523,0.810547,0.80957,0.810547,0.811523,0.810547,0.816406,0.810059,0.811523,0.816406,0.816406,,,,,,,,0.261719,0.26123,0.246094,0.24707,0.246094,0.247559,0.246582,0.24707,0.246582,0.246094,0.246582,0.262695,0.247559,0.248047,0.259766,0.259277,,,,,,,,0.0566406,0.0615234,0.0595703,0.0595703,0.0625,0.0605469,0.0585938,0.0585938,0.0585938,0.0585938,0.0585938,0.0625,0.0576172,0.0546875,0.0605469,0.0585938,,,,,,,,0.0644531,0.0673828,0.0507812,0.0527344,0.0507812,0.0517578,0.0537109,0.0527344,0.0556641,0.0546875,0.0517578,0.0703125,0.0537109,0.0507812,0.0644531,0.0634766,,,,True,23,False,False,<puncta_detect_util.Puncta object at 0x7f5998371990>,<puncta_detect_util.Puncta object at 0x7f5998371450>,<puncta_detect_util.Puncta object at 0x7f59a8cb8510>,<puncta_detect_util.Puncta object at 0x7f59a8cb89d0>,<puncta_detect_util.Puncta object at 0x7f59a8cb8c90>,<puncta_detect_util.Puncta object at 0x7f59a8cb86d0>,<puncta_detect_util.Puncta object at 0x7f59a8cb8c50>,<puncta_detect_util.Puncta object at 0x7f59a8cb8f50>,<puncta_detect_util.Puncta object at 0x7f59983739d0>,<puncta_detect_util.Puncta object at 0x7f59a8cb8550>,<puncta_detect_util.Puncta object at 0x7f59a8d01110>,<puncta_detect_util.Puncta object at 0x7f59a8d01ad0>,<puncta_detect_util.Puncta object at 0x7f5998371ed0>,<puncta_detect_util.Puncta object at 0x7f59a8d01d50>,<puncta_detect_util.Puncta object at 0x7f59a8d01810>,<puncta_detect_util.Puncta object at 0x7f59a8d01c90>,<puncta_detect_util.Puncta object at 0x7f5998371810>,<puncta_detect_util.Puncta object at 0x7f59a8cb8dd0>,<puncta_detect_util.Puncta object at 0x7f59a8cb80d0>,<puncta_detect_util.Puncta object at 0x7f59a8cb8050>,<puncta_detect_util.Puncta object at 0x7f59a8cb8f10>,<puncta_detect_util.Puncta object at 0x7f59a8cb8310>,<puncta_detect_util.Puncta object at 0x7f59a8cb8350>,True,,,54.56068529878212,133.6475114857799,83.00849249791372,63.38768017271195,76.72510076523213,53.793392149802,67.00283728848581,66.78927272727242,56.604178384735405,64.57436935740861,,70.4733595656312,,,,130.489190007635,42.89189026627446,106.05519303550136,111.48070175438579,92.61456392359696,69.83451801832553,,,,False
/mount/local5/chenxi/puncta-detection/data/05-15-2022/1 mM EGTA/Captured001.nd2-output,(series 1).tif,1024,False,15,15,0.0527344,,,,,,,,,,,,,,,,122.75148301047966,,,,,,,,<puncta_detect_util.Puncta object at 0x7f5998373250>,<puncta_detect_util.Puncta object at 0x7f5998373cd0>,<puncta_detect_util.Puncta object at 0x7f5998373590>,<puncta_detect_util.Puncta object at 0x7f5998373bd0>,<puncta_detect_util.Puncta object at 0x7f5998373390>,<puncta_detect_util.Puncta object at 0x7f5998373510>,<puncta_detect_util.Puncta object at 0x7f5998373c10>,<puncta_detect_util.Puncta object at 0x7f59983738d0>,<puncta_detect_util.Puncta object at 0x7f5998373690>,<puncta_detect_util.Puncta object at 0x7f5998373a90>,<puncta_detect_util.Puncta object at 0x7f5998373dd0>,<puncta_detect_util.Puncta object at 0x7f5998373810>,<puncta_detect_util.Puncta object at 0x7f5998373990>,<puncta_detect_util.Puncta object at 0x7f5998373790>,<puncta_detect_util.Puncta object at 0x7f59983737d0>,<puncta_detect_util.Puncta object at 0x7f59982efbd0>,<puncta_detect_util.Puncta object at 0x7f59982ef990>,<puncta_detect_util.Puncta object at 0x7f59982efd10>,<puncta_detect_util.Puncta object at 0x7f59982ef050>,<puncta_detect_util.Puncta object at 0x7f59982bbbd0>,<puncta_detect_util.Puncta object at 0x7f59982bbed0>,<puncta_detect_util.Puncta object at 0x7f59982bbb10>,<puncta_detect_util.Puncta object at 0x7f59982bb7d0>,,,,,,,,,,,,,,,,0.0112305,,,,,,,,,,,,,,,,,,,,,,,0.351562,,,,,,,,,,,,,,,,,,,,,,,0.0224609,,,,,,,,,,,,,,,,,,,,,,,0.0527344,,,,,,,,False,23,False,False,<puncta_detect_util.Puncta object at 0x7f5998371a90>,<puncta_detect_util.Puncta object at 0x7f5998371cd0>,<puncta_detect_util.Puncta object at 0x7f59983715d0>,<puncta_detect_util.Puncta object at 0x7f59983710d0>,<puncta_detect_util.Puncta object at 0x7f5998371190>,<puncta_detect_util.Puncta object at 0x7f5998371310>,<puncta_detect_util.Puncta object at 0x7f5998371690>,<puncta_detect_util.Puncta object at 0x7f59a8cb8590>,<puncta_detect_util.Puncta object at 0x7f59a8cb8cd0>,<puncta_detect_util.Puncta object at 0x7f59a8cb8110>,<puncta_detect_util.Puncta object at 0x7f59a8d01710>,<puncta_detect_util.Puncta object at 0x7f59a8d01dd0>,<puncta_detect_util.Puncta object at 0x7f5998371f10>,<puncta_detect_util.Puncta object at 0x7f59a8d01550>,<puncta_detect_util.Puncta object at 0x7f59a8d019d0>,<puncta_detect_util.Puncta object at 0x7f59a8d01b50>,<puncta_detect_util.Puncta object at 0x7f5998371bd0>,<puncta_detect_util.Puncta object at 0x7f5998371c10>,<puncta_detect_util.Puncta object at 0x7f5998371510>,<puncta_detect_util.Puncta object at 0x7f5998371b50>,<puncta_detect_util.Puncta object at 0x7f5998371910>,<puncta_detect_util.Puncta object at 0x7f59983719d0>,<puncta_detect_util.Puncta object at 0x7f5998371e10>,True,,,,,,,,72.49187325832054,47.872621953226826,36.23568535800587,91.79570853331188,53.86520809307149,,86.3810456958663,76.75434490043745,46.85883633799676,,,,,,,,,,,False
/mount/local5/chenxi/puncta-detection/data/05-15-2022/1 mM EGTA/Captured.nd2-output,(series 1).tif,1024,False,0,3,0.0664062,377.42653810835645,524.5110747669278,403.61773800566743,418.0992678738303,381.07619047619073,491.6152368268804,367.9940602735005,367.39334432393434,381.48858072151234,410.18681870090313,355.0722970333559,,,,,,,,,,,,,<puncta_detect_util.Puncta object at 0x7f59983123d0>,<puncta_detect_util.Puncta object at 0x7f5998312d10>,<puncta_detect_util.Puncta object at 0x7f59982fb890>,<puncta_detect_util.Puncta object at 0x7f5998312a50>,<puncta_detect_util.Puncta object at 0x7f5998312290>,<puncta_detect_util.Puncta object at 0x7f59edc66210>,<puncta_detect_util.Puncta object at 0x7f59982dc8d0>,<puncta_detect_util.Puncta object at 0x7f59982dc890>,<puncta_detect_util.Puncta object at 0x7f59a8ce8050>,<puncta_detect_util.Puncta object at 0x7f5998312510>,<puncta_detect_util.Puncta object at 0x7f5998312f10>,<puncta_detect_util.Puncta object at 0x7f5998312890>,<puncta_detect_util.Puncta object at 0x7f5998312210>,<puncta_detect_util.Puncta object at 0x7f5998312c90>,<puncta_detect_util.Puncta object at 0x7f5998312fd0>,<puncta_detect_util.Puncta object at 0x7f59982dc790>,<puncta_detect_util.Puncta object at 0x7f59982dc3d0>,<puncta_detect_util.Puncta object at 0x7f59982dc1d0>,,,,,,0.331543,0.331543,0.332031,0.332031,0.330566,0.32959,0.330078,0.330566,0.32959,0.329102,0.329102,,,,,,,,,,,,,0.517578,0.517578,0.518066,0.518555,0.519531,0.517578,0.518555,0.51709,0.518555,0.518066,0.517578,,,,,,,,,,,,,0.0634766,0.0634766,0.0644531,0.0664062,0.0634766,0.0615234,0.0625,0.0615234,0.0595703,0.0585938,0.0585938,,,,,,,,,,,,,0.0625,0.0625,0.0634766,0.0644531,0.0625,0.0625,0.0605469,0.0595703,0.0566406,0.0576172,0.0546875,,,,,,,,,,,,,True,18,False,False,<puncta_detect_util.Puncta object at 0x7f59a8cb8490>,<puncta_detect_util.Puncta object at 0x7f59982dcb50>,<puncta_detect_util.Puncta object at 0x7f59982bb350>,<puncta_detect_util.Puncta object at 0x7f59982bbc10>,<puncta_detect_util.Puncta object at 0x7f59982bbad0>,<puncta_detect_util.Puncta object at 0x7f59982bb5d0>,<puncta_detect_util.Puncta object at 0x7f5998301490>,<puncta_detect_util.Puncta object at 0x7f59a8cb3e90>,<puncta_detect_util.Puncta object at 0x7f59a8cb31d0>,<puncta_detect_util.Puncta object at 0x7f59a8cb3510>,,,<puncta_detect_util.Puncta object at 0x7f59a8cb8ed0>,,,,<puncta_detect_util.Puncta object at 0x7f5998296d50>,<puncta_detect_util.Puncta object at 0x7f59982bbf90>,<puncta_detect_util.Puncta object at 0x7f59982bba50>,<puncta_detect_util.Puncta object at 0x7f59982bb890>,<puncta_detect_util.Puncta object at 0x7f59a8cb3ad0>,<puncta_detect_util.Puncta object at 0x7f59a8cb3e10>,<puncta_detect_util.Puncta object at 0x7f59982bbb90>,True,67.98372693610509,74.47973829916782,32.52595559291967,,,,,,,,,,11.664629167105886,,,,71.27195546494113,71.9957837240222,46.12693844093792,49.02234496362598,4.917369727776986,89.10944995534055,106.34265853438728,,,,True
/mount/local5/chenxi/puncta-detection/data/05-15-2022/1 mM EGTA/Captured.nd2-output,(series 1).tif,1024,False,0,0,0.0410156,437.97834626457825,352.37360795781797,,,,,,,,,,,,,,,,,,,,,,<puncta_detect_util.Puncta object at 0x7f5998312050>,<puncta_detect_util.Puncta object at 0x7f59983128d0>,<puncta_detect_util.Puncta object at 0x7f5998312f50>,<puncta_detect_util.Puncta object at 0x7f59983124d0>,<puncta_detect_util.Puncta object at 0x7f5998312450>,<puncta_detect_util.Puncta object at 0x7f59982dcc50>,<puncta_detect_util.Puncta object at 0x7f59982dcdd0>,<puncta_detect_util.Puncta object at 0x7f59982dc290>,<puncta_detect_util.Puncta object at 0x7f59a8ce8710>,<puncta_detect_util.Puncta object at 0x7f5998312ad0>,<puncta_detect_util.Puncta object at 0x7f5998312110>,<puncta_detect_util.Puncta object at 0x7f5998312310>,<puncta_detect_util.Puncta object at 0x7f5998312150>,<puncta_detect_util.Puncta object at 0x7f5998312c50>,<puncta_detect_util.Puncta object at 0x7f59983122d0>,<puncta_detect_util.Puncta object at 0x7f59982dcc10>,<puncta_detect_util.Puncta object at 0x7f59982dccd0>,<puncta_detect_util.Puncta object at 0x7f59982dc610>,,,,,,0.365234,0.365234,,,,,,,,,,,,,,,,,,,,,,0.777344,0.777344,,,,,,,,,,,,,,,,,,,,,,0.0410156,0.0390625,,,,,,,,,,,,,,,,,,,,,,0.0390625,0.0390625,,,,,,,,,,,,,,,,,,,,,,False,18,False,False,<puncta_detect_util.Puncta object at 0x7f5998312ed0>,<puncta_detect_util.Puncta object at 0x7f5998312350>,<puncta_detect_util.Puncta object at 0x7f59982bb0d0>,<puncta_detect_util.Puncta object at 0x7f59982bb250>,<puncta_detect_util.Puncta object at 0x7f59982bb950>,<puncta_detect_util.Puncta object at 0x7f59982bbe50>,<puncta_detect_util.Puncta object at 0x7f59a8cb3610>,<puncta_detect_util.Puncta object at 0x7f59a8cb3290>,<puncta_detect_util.Puncta object at 0x7f59a8cb3a90>,<puncta_detect_util.Puncta object at 0x7f59a8cb3810>,,,<puncta_detect_util.Puncta object at 0x7f5998312410>,,,,<puncta_detect_util.Puncta object at 0x7f59a8e0a550>,<puncta_detect_util.Puncta object at 0x7f59982bb990>,<puncta_detect_util.Puncta object at 0x7f59982bb850>,<puncta_detect_util.Puncta object at 0x7f59982bba10>,<puncta_detect_util.Puncta object at 0x7f59a8cb35d0>,<puncta_detect_util.Puncta object at 0x7f59982bbd10>,<puncta_detect_util.Puncta object at 0x7f59982bb390>,False,118.83523871518946,82.37187280804301,,,,,,,,,,,,,,,,,,,,,,,,,True
/mount/local5/chenxi/puncta-detection/data/05-15-2022/1 mM EGTA/Captured.nd2-output,(series 1).tif,1024,False,0,1,0.0390625,363.017036530563,429.85617469879526,,,,,,,,,,,,,,,,,,,,,,<puncta_detect_util.Puncta object at 0x7f5998312650>,<puncta_detect_util.Puncta object at 0x7f5998312cd0>,<puncta_detect_util.Puncta object at 0x7f5998312190>,<puncta_detect_util.Puncta object at 0x7f5998312b90>,<puncta_detect_util.Puncta object at 0x7f59982dc950>,<puncta_detect_util.Puncta object at 0x7f59982dc5d0>,<puncta_detect_util.Puncta object at 0x7f59982dcf50>,<puncta_detect_util.Puncta object at 0x7f59982dca10>,<puncta_detect_util.Puncta object at 0x7f59983127d0>,<puncta_detect_util.Puncta object at 0x7f59983125d0>,<puncta_detect_util.Puncta object at 0x7f5998312d50>,<puncta_detect_util.Puncta object at 0x7f5998312390>,<puncta_detect_util.Puncta object at 0x7f5998312550>,<puncta_detect_util.Puncta object at 0x7f5998312750>,<puncta_detect_util.Puncta object at 0x7f59982dca50>,<puncta_detect_util.Puncta object at 0x7f59982dc410>,<puncta_detect_util.Puncta object at 0x7f59982dcad0>,<puncta_detect_util.Puncta object at 0x7f59982dc2d0>,,,,,,0.462891,0.462891,,,,,,,,,,,,,,,,,,,,,,0.65332,0.65332,,,,,,,,,,,,,,,,,,,,,,0.0390625,0.0390625,,,,,,,,,,,,,,,,,,,,,,0.0371094,0.0371094,,,,,,,,,,,,,,,,,,,,,,False,18,False,False,<puncta_detect_util.Puncta object at 0x7f5998371090>,<puncta_detect_util.Puncta object at 0x7f5998371210>,<puncta_detect_util.Puncta object at 0x7f59982bbc90>,<puncta_detect_util.Puncta object at 0x7f59982bb210>,<puncta_detect_util.Puncta object at 0x7f59982bb650>,<puncta_detect_util.Puncta object at 0x7f59982bb690>,<puncta_detect_util.Puncta object at 0x7f59a8cb3bd0>,<puncta_detect_util.Puncta object at 0x7f59a8cb3690>,<puncta_detect_util.Puncta object at 0x7f59a8cb32d0>,<puncta_detect_util.Puncta object at 0x7f59a8cb3850>,,,<puncta_detect_util.Puncta object at 0x7f5998312710>,,,,<puncta_detect_util.Puncta object at 0x7f59982bb710>,<puncta_detect_util.Puncta object at 0x7f59982bb510>,<puncta_detect_util.Puncta object at 0x7f59982bb9d0>,<puncta_detect_util.Puncta object at 0x7f59982bbd50>,<puncta_detect_util.Puncta object at 0x7f59a8cb3310>,<puncta_detect_util.Puncta object at 0x7f59982bb090>,<puncta_detect_util.Puncta object at 0x7f59982bb550>,False,97.31191615402122,121.05033290186202,,,,,,,,,,,,,,,,,,,,,,,,,True
/mount/local5/chenxi/puncta-detection/data/05-15-2022/1 mM EGTA/Captured002.nd2-output,(series 1).tif,1024,False,0,9,0.09375,336.02223011653814,405.2191606278102,372.2110480352226,322.4635127522579,390.8806571239579,400.95752765208636,318.27336887534875,281.5229526994749,440.2726444514092,281.3963268024254,299.5458846794104,412.15606599395005,370.2866089675904,374.7903524012622,341.76529617209553,407.19751176146747,421.8940219176284,341.3401182432435,356.3325452864665,508.36785737084847,383.3092838678667,472.20101772030694,529.4995435300871,<puncta_detect_util.Puncta object at 0x7f59982e0750>,<puncta_detect_util.Puncta object at 0x7f59982e0b50>,<puncta_detect_util.Puncta object at 0x7f59982e06d0>,<puncta_detect_util.Puncta object at 0x7f59982e0950>,<puncta_detect_util.Puncta object at 0x7f59982e0d10>,<puncta_detect_util.Puncta object at 0x7f59982e0850>,<puncta_detect_util.Puncta object at 0x7f59982e04d0>,<puncta_detect_util.Puncta object at 0x7f59982e0090>,<puncta_detect_util.Puncta object at 0x7f59982e0a10>,<puncta_detect_util.Puncta object at 0x7f59982e0450>,<puncta_detect_util.Puncta object at 0x7f59982e0c10>,<puncta_detect_util.Puncta object at 0x7f59982e0ed0>,<puncta_detect_util.Puncta object at 0x7f59982e0410>,<puncta_detect_util.Puncta object at 0x7f59982e0910>,<puncta_detect_util.Puncta object at 0x7f599828e410>,<puncta_detect_util.Puncta object at 0x7f59a8d09b90>,<puncta_detect_util.Puncta object at 0x7f59982edf50>,<puncta_detect_util.Puncta object at 0x7f59a8e60d90>,<puncta_detect_util.Puncta object at 0x7f59982e0cd0>,<puncta_detect_util.Puncta object at 0x7f59982e0610>,<puncta_detect_util.Puncta object at 0x7f59982e0bd0>,<puncta_detect_util.Puncta object at 0x7f599820d650>,<puncta_detect_util.Puncta object at 0x7f59a8e1ab10>,0.316895,0.317383,0.317871,0.317383,0.318359,0.317871,0.317871,0.318359,0.317383,0.318359,0.317383,0.317871,0.318359,0.318848,0.318359,0.318359,0.318848,0.316895,0.318359,0.318359,0.318359,0.317383,0.317871,0.879883,0.879883,0.879395,0.879395,0.879883,0.878906,0.879395,0.878906,0.879395,0.879395,0.879395,0.87793,0.878906,0.879883,0.878906,0.879883,0.878906,0.878906,0.878906,0.879883,0.878906,0.878906,0.879395,0.0869141,0.0878906,0.0888672,0.0898438,0.0898438,0.0908203,0.0908203,0.0917969,0.09375,0.09375,0.0917969,0.0908203,0.0898438,0.0888672,0.0878906,0.0859375,0.0830078,0.0830078,0.0820312,0.0820312,0.078125,0.0761719,0.0751953,0.0859375,0.0878906,0.0888672,0.0888672,0.0878906,0.0898438,0.0888672,0.0898438,0.0908203,0.0908203,0.0908203,0.0898438,0.0898438,0.0878906,0.0878906,0.0878906,0.0820312,0.0820312,0.0800781,0.0800781,0.0742188,0.0742188,0.0732422,True,23,False,False,<puncta_detect_util.Puncta object at 0x7f59982e0310>,<puncta_detect_util.Puncta object at 0x7f59982c2250>,<puncta_detect_util.Puncta object at 0x7f59a8e1abd0>,<puncta_detect_util.Puncta object at 0x7f59a8e1a510>,<puncta_detect_util.Puncta object at 0x7f59982e0890>,<puncta_detect_util.Puncta object at 0x7f59a8cb3f10>,<puncta_detect_util.Puncta object at 0x7f59a8cb3f90>,<puncta_detect_util.Puncta object at 0x7f59982d0b10>,<puncta_detect_util.Puncta object at 0x7f59982d0210>,<puncta_detect_util.Puncta object at 0x7f59982d0250>,<puncta_detect_util.Puncta object at 0x7f59982d0dd0>,<puncta_detect_util.Puncta object at 0x7f59982d0d50>,<puncta_detect_util.Puncta object at 0x7f59982e0f10>,<puncta_detect_util.Puncta object at 0x7f59982d0050>,<puncta_detect_util.Puncta object at 0x7f5998213310>,<puncta_detect_util.Puncta object at 0x7f5998213650>,<puncta_detect_util.Puncta object at 0x7f59a8e1aa10>,<puncta_detect_util.Puncta object at 0x7f59982e03d0>,<puncta_detect_util.Puncta object at 0x7f59a8d7eb90>,<puncta_detect_util.Puncta object at 0x7f59a8cb3450>,<puncta_detect_util.Puncta object at 0x7f59a8cb3c50>,<puncta_detect_util.Puncta object at 0x7f59a8cb3ed0>,<puncta_detect_util.Puncta object at 0x7f59a8e1aa50>,True,48.73548158791755,43.11267405399076,71.44506394881273,74.26576150681512,74.61819958233582,100.25203887806265,121.59669679057924,111.73091811414406,105.57873162246642,88.00062635836002,79.47901933230469,172.85565473332144,-12.935560138907931,122.66524780922009,158.34094611376077,133.69566001884004,79.53005400168558,67.32737523100332,24.043162882461274,56.32080040708843,103.95268158712679,8.656703154726529,54.97412999372591,,,,True
/mount/local5/chenxi/puncta-detection/data/05-15-2022/1 mM EGTA/Captured002.nd2-output,(series 1).tif,1024,False,11,17,0.0605469,,,,,,,,,,,,347.2449569019809,376.0437303487847,296.1025864744629,294.53341681502616,347.40439163006977,459.4022763748453,402.1207198277334,426.2515165884106,558.4103712788956,472.1740649142039,478.13053378412997,418.9663868230141,<puncta_detect_util.Puncta object at 0x7f59a8d3df10>,<puncta_detect_util.Puncta object at 0x7f59a8e1a810>,<puncta_detect_util.Puncta object at 0x7f59a8cb88d0>,<puncta_detect_util.Puncta object at 0x7f59a8cb8250>,<puncta_detect_util.Puncta object at 0x7f59a8cb85d0>,<puncta_detect_util.Puncta object at 0x7f59a8e6d6d0>,<puncta_detect_util.Puncta object at 0x7f59982f7e90>,<puncta_detect_util.Puncta object at 0x7f59982f7ad0>,<puncta_detect_util.Puncta object at 0x7f59a8cb3990>,<puncta_detect_util.Puncta object at 0x7f59a8d89ad0>,<puncta_detect_util.Puncta object at 0x7f59a8cb3210>,<puncta_detect_util.Puncta object at 0x7f59982e0b10>,<puncta_detect_util.Puncta object at 0x7f59982e0e90>,<puncta_detect_util.Puncta object at 0x7f59982e0710>,<puncta_detect_util.Puncta object at 0x7f59982e0050>,<puncta_detect_util.Puncta object at 0x7f59982e0490>,<puncta_detect_util.Puncta object at 0x7f59982e0a50>,<puncta_detect_util.Puncta object at 0x7f59a8da73d0>,<puncta_detect_util.Puncta object at 0x7f59982e0390>,<puncta_detect_util.Puncta object at 0x7f59a8e1a9d0>,<puncta_detect_util.Puncta object at 0x7f59982e0210>,<puncta_detect_util.Puncta object at 0x7f59982e0ad0>,<puncta_detect_util.Puncta object at 0x7f59a8e1ab90>,,,,,,,,,,,,0.34082,0.341309,0.341309,0.340332,0.341309,0.341309,0.34082,0.341797,0.341797,0.341309,0.340332,0.34082,,,,,,,,,,,,0.125977,0.125488,0.125488,0.125488,0.125,0.125,0.125,0.125,0.125,0.125,0.125488,0.125,,,,,,,,,,,,0.0527344,0.0556641,0.0576172,0.0576172,0.0595703,0.0595703,0.0605469,0.0585938,0.0585938,0.0595703,0.0576172,0.0566406,,,,,,,,,,,,0.0527344,0.0556641,0.0576172,0.0576172,0.0585938,0.0585938,0.0585938,0.0585938,0.0585938,0.0585938,0.0576172,0.0566406,True,23,False,False,<puncta_detect_util.Puncta object at 0x7f5998214a10>,<puncta_detect_util.Puncta object at 0x7f59983559d0>,<puncta_detect_util.Puncta object at 0x7f599832cc10>,<puncta_detect_util.Puncta object at 0x7f59a8cb3cd0>,<puncta_detect_util.Puncta object at 0x7f59a8cb3390>,<puncta_detect_util.Puncta object at 0x7f59a8cb3250>,<puncta_detect_util.Puncta object at 0x7f59982d0f10>,<puncta_detect_util.Puncta object at 0x7f59982d0f90>,<puncta_detect_util.Puncta object at 0x7f59982d0150>,<puncta_detect_util.Puncta object at 0x7f59982d0f50>,<puncta_detect_util.Puncta object at 0x7f59982d05d0>,<puncta_detect_util.Puncta object at 0x7f59982d0110>,<puncta_detect_util.Puncta object at 0x7f5998355210>,<puncta_detect_util.Puncta object at 0x7f59982d0510>,<puncta_detect_util.Puncta object at 0x7f5998213f90>,<puncta_detect_util.Puncta object at 0x7f5998214110>,<puncta_detect_util.Puncta object at 0x7f5998355ed0>,<puncta_detect_util.Puncta object at 0x7f5998355310>,<puncta_detect_util.Puncta object at 0x7f599832cbd0>,<puncta_detect_util.Puncta object at 0x7f599832cb50>,<puncta_detect_util.Puncta object at 0x7f599832c1d0>,<puncta_detect_util.Puncta object at 0x7f599832ccd0>,<puncta_detect_util.Puncta object at 0x7f599832cd90>,True,,,,97.39121502291573,86.08593013122027,72.04430683542023,52.492194096226285,77.70018710831255,71.14787968441806,116.86994637668431,85.53977410630705,66.34282373112364,,106.44476052716209,84.58177939423194,114.60276692738444,,,,,,,,,,,True
/mount/local5/chenxi/puncta-detection/data/05-15-2022/1 mM EGTA/Captured002.nd2-output,(series 1).tif,1024,False,16,18,0.046875,,,,,,,,,,,,,,,,,446.9670857342412,505.2742951230216,537.6388826848192,475.3474120082815,486.53354005357596,511.01283822266123,676.213897257016,<puncta_detect_util.Puncta object at 0x7f59a8cb3fd0>,<puncta_detect_util.Puncta object at 0x7f59a8cb38d0>,<puncta_detect_util.Puncta object at 0x7f59a8cb3650>,<puncta_detect_util.Puncta object at 0x7f59a8cb3710>,<puncta_detect_util.Puncta object at 0x7f59a8cb3410>,<puncta_detect_util.Puncta object at 0x7f59a8cb3b90>,<puncta_detect_util.Puncta object at 0x7f59a8cb3b50>,<puncta_detect_util.Puncta object at 0x7f59a8cb3d50>,<puncta_detect_util.Puncta object at 0x7f59a8cb3b10>,<puncta_detect_util.Puncta object at 0x7f59a8cb39d0>,<puncta_detect_util.Puncta object at 0x7f59a8cb3050>,<puncta_detect_util.Puncta object at 0x7f59a8cb33d0>,<puncta_detect_util.Puncta object at 0x7f59a8cb3550>,<puncta_detect_util.Puncta object at 0x7f59a8cb3dd0>,<puncta_detect_util.Puncta object at 0x7f59a8cb36d0>,<puncta_detect_util.Puncta object at 0x7f59a8cb3e50>,<puncta_detect_util.Puncta object at 0x7f59a8dfad90>,<puncta_detect_util.Puncta object at 0x7f59a8dfa6d0>,<puncta_detect_util.Puncta object at 0x7f59982e05d0>,<puncta_detect_util.Puncta object at 0x7f59982e0f90>,<puncta_detect_util.Puncta object at 0x7f59982e07d0>,<puncta_detect_util.Puncta object at 0x7f59a8e1a8d0>,<puncta_detect_util.Puncta object at 0x7f59a8e1a910>,,,,,,,,,,,,,,,,,0.551758,0.552246,0.552734,0.55127,0.551758,0.549805,0.550293,,,,,,,,,,,,,,,,,0.526367,0.526367,0.530273,0.529297,0.529785,0.528809,0.53125,,,,,,,,,,,,,,,,,0.0449219,0.0458984,0.046875,0.0458984,0.0449219,0.0449219,0.0439453,,,,,,,,,,,,,,,,,0.0449219,0.0449219,0.0449219,0.0449219,0.0439453,0.0439453,0.0429688,True,23,False,False,<puncta_detect_util.Puncta object at 0x7f599832cd10>,<puncta_detect_util.Puncta object at 0x7f599832cf10>,<puncta_detect_util.Puncta object at 0x7f599832c9d0>,<puncta_detect_util.Puncta object at 0x7f599832c410>,<puncta_detect_util.Puncta object at 0x7f599832c490>,<puncta_detect_util.Puncta object at 0x7f599832cfd0>,<puncta_detect_util.Puncta object at 0x7f599832cad0>,<puncta_detect_util.Puncta object at 0x7f599832cf50>,<puncta_detect_util.Puncta object at 0x7f59982d0710>,<puncta_detect_util.Puncta object at 0x7f59982d0610>,<puncta_detect_util.Puncta object at 0x7f59982d0ed0>,<puncta_detect_util.Puncta object at 0x7f59982d0650>,<puncta_detect_util.Puncta object at 0x7f599832c7d0>,<puncta_detect_util.Puncta object at 0x7f59982d0750>,<puncta_detect_util.Puncta object at 0x7f59a8ce4e90>,<puncta_detect_util.Puncta object at 0x7f5998214e90>,<puncta_detect_util.Puncta object at 0x7f599832ced0>,<puncta_detect_util.Puncta object at 0x7f599832cb10>,<puncta_detect_util.Puncta object at 0x7f599832c950>,<puncta_detect_util.Puncta object at 0x7f599832c990>,<puncta_detect_util.Puncta object at 0x7f599832c690>,<puncta_detect_util.Puncta object at 0x7f599832cb90>,<puncta_detect_util.Puncta object at 0x7f599832c590>,True,,,,,,,,,191.2933175117396,179.35837379674604,155.93588532494414,207.69573012802357,,215.06482812449212,185.89529581529587,218.75827027748437,,,,,,,,,,,True
