folder,file name,image size,adjacent,initial frame,equatorial frame,equatorial size,value 0 ch0,puncta 0 ch0,x 0,y 0,w 0,h 0,quality ch0,num frame,new punctate ch0,new punctate ch1,puncta 0 ch1,quality ch1,value 0 ch1,colocalization ch0 ch1,colocalization weight ch0 ch1,new colocalization ch0 ch1,square quality
/mount/local5/chenxi/puncta-detection/data/02-18-2022/69.5_ DOPC_30_ DOPS_0.5_ Atto/200 nM Dark ALG2_50 nM Cy3 ESCRT-I_400 nM Atto 488 CHMP6/Captured 6.nd2-output,(series 1).tif,1024,False,0,0,0.0888672,241.4247552447555,<puncta_detect_util.Puncta object at 0x7f74e6e49a90>,0.194336,0.560059,0.0839844,0.0888672,True,1,False,True,<puncta_detect_util.Puncta object at 0x7f75090ad610>,True,5353.097466826188,0.0,7.0,0.0,True
/mount/local5/chenxi/puncta-detection/data/02-18-2022/69.5_ DOPC_30_ DOPS_0.5_ Atto/200 nM Dark ALG2_50 nM Cy3 ESCRT-I_400 nM Atto 488 CHMP6/Captured 6.nd2-output,(series 1).tif,1024,False,0,0,0.0976562,351.6002815407064,<puncta_detect_util.Puncta object at 0x7f75090ad590>,0.628906,0.84375,0.0976562,0.0957031,True,1,False,False,<puncta_detect_util.Puncta object at 0x7f75091192d0>,True,28.885423320380596,,,,True
/mount/local5/chenxi/puncta-detection/data/02-18-2022/69.5_ DOPC_30_ DOPS_0.5_ Atto/200 nM Dark ALG2_50 nM Cy3 ESCRT-I_400 nM Atto 488 CHMP6/Captured 6.nd2-output,(series 1).tif,1024,False,0,0,0.0898438,330.57459048647934,<puncta_detect_util.Puncta object at 0x7f7509048550>,0.764648,0.24707,0.0898438,0.0878906,True,1,False,True,<puncta_detect_util.Puncta object at 0x7f75090ad090>,True,8574.588786965085,0.0,4.0,0.0,True
/mount/local5/chenxi/puncta-detection/data/02-18-2022/69.5_ DOPC_30_ DOPS_0.5_ Atto/200 nM Dark ALG2_50 nM Cy3 ESCRT-I_400 nM Atto 488 CHMP6/Captured 7.nd2-output,(series 1).tif,1024,False,0,0,0.0595703,369.85237033858584,<puncta_detect_util.Puncta object at 0x7f74e6e16150>,0.469238,0.892578,0.0595703,0.0585938,True,1,False,True,<puncta_detect_util.Puncta object at 0x7f75090f8a50>,True,19592.08387002342,0.0,2.0,0.0,True
/mount/local5/chenxi/puncta-detection/data/02-18-2022/69.5_ DOPC_30_ DOPS_0.5_ Atto/200 nM Dark ALG2_50 nM Cy3 ESCRT-I_400 nM Atto 488 CHMP6/Captured 7.nd2-output,(series 1).tif,1024,False,0,0,0.101562,173.5463908011443,<puncta_detect_util.Puncta object at 0x7f74e6e16710>,0.501953,0.38916,0.101562,0.0986328,True,1,False,True,<puncta_detect_util.Puncta object at 0x7f75090ad8d0>,True,15832.685304465851,0.0,1.0,0.0,True
/mount/local5/chenxi/puncta-detection/data/02-18-2022/69.5_ DOPC_30_ DOPS_0.5_ Atto/200 nM Dark ALG2_50 nM Cy3 ESCRT-I_400 nM Atto 488 CHMP6/Captured 7.nd2-output,(series 1).tif,1024,False,0,0,0.09375,245.3726086583356,<puncta_detect_util.Puncta object at 0x7f74e6e16a90>,0.568359,0.325684,0.09375,0.0908203,True,1,False,False,<puncta_detect_util.Puncta object at 0x7f75090addd0>,True,47.300188451828944,,,,True
/mount/local5/chenxi/puncta-detection/data/02-18-2022/69.5_ DOPC_30_ DOPS_0.5_ Atto/200 nM Dark ALG2_50 nM Cy3 ESCRT-I_400 nM Atto 488 CHMP6/Captured 3.nd2-output,(series 1).tif,1024,False,0,0,0.0488281,325.7635753479717,<puncta_detect_util.Puncta object at 0x7f7509119fd0>,0.485352,0.220215,0.0488281,0.0478516,True,1,False,True,<puncta_detect_util.Puncta object at 0x7f74e6d2fad0>,True,16282.877075631779,0.0,1.0,0.0,True
/mount/local5/chenxi/puncta-detection/data/02-18-2022/69.5_ DOPC_30_ DOPS_0.5_ Atto/200 nM Dark ALG2_50 nM Cy3 ESCRT-I_400 nM Atto 488 CHMP6/Captured 3.nd2-output,(series 1).tif,1024,False,0,0,0.0869141,310.4174469782042,<puncta_detect_util.Puncta object at 0x7f74e6e643d0>,0.663574,0.567383,0.0869141,0.0839844,True,1,False,True,<puncta_detect_util.Puncta object at 0x7f75091d5ad0>,True,15779.001212624105,0.0,1.0,0.0,True
/mount/local5/chenxi/puncta-detection/data/02-18-2022/69.5_ DOPC_30_ DOPS_0.5_ Atto/200 nM Dark ALG2_50 nM Cy3 ESCRT-I_400 nM Atto 488 CHMP6/Captured 16.nd2-output,(series 1).tif,1024,False,0,0,0.0869141,265.1171296870157,<puncta_detect_util.Puncta object at 0x7f74e6e20fd0>,0.0844727,0.683594,0.0869141,0.0839844,True,1,False,True,<puncta_detect_util.Puncta object at 0x7f74e6e20e10>,True,15549.26530417346,0.0,3.0,0.0,True
/mount/local5/chenxi/puncta-detection/data/02-18-2022/69.5_ DOPC_30_ DOPS_0.5_ Atto/200 nM Dark ALG2_50 nM Cy3 ESCRT-I_400 nM Atto 488 CHMP6/Captured 16.nd2-output,(series 1).tif,1024,False,0,0,0.123047,233.00528456062466,<puncta_detect_util.Puncta object at 0x7f74e6e20810>,0.496094,0.984863,0.123047,0.0302734,True,1,False,False,<puncta_detect_util.Puncta object at 0x7f74e6e20d90>,True,71.98561346909946,,,,False
/mount/local5/chenxi/puncta-detection/data/02-18-2022/69.5_ DOPC_30_ DOPS_0.5_ Atto/200 nM Dark ALG2_50 nM Cy3 ESCRT-I_400 nM Atto 488 CHMP6/Captured 16.nd2-output,(series 1).tif,1024,False,0,0,0.111328,190.67728009648863,<puncta_detect_util.Puncta object at 0x7f75090f8450>,0.551758,0.86084,0.111328,0.106445,True,1,False,True,<puncta_detect_util.Puncta object at 0x7f74e6e49050>,True,2765.400334718246,0.0,1.0,0.0,True
/mount/local5/chenxi/puncta-detection/data/02-18-2022/69.5_ DOPC_30_ DOPS_0.5_ Atto/200 nM Dark ALG2_50 nM Cy3 ESCRT-I_400 nM Atto 488 CHMP6/Captured 16.nd2-output,(series 1).tif,1024,False,0,0,0.115234,193.5251283909961,<puncta_detect_util.Puncta object at 0x7f74e6e20a90>,0.633789,0.0810547,0.115234,0.109375,True,1,False,True,<puncta_detect_util.Puncta object at 0x7f74e6e20290>,True,3295.961095805703,0.0,2.0,0.0,True
/mount/local5/chenxi/puncta-detection/data/02-18-2022/69.5_ DOPC_30_ DOPS_0.5_ Atto/200 nM Dark ALG2_50 nM Cy3 ESCRT-I_400 nM Atto 488 CHMP6/Captured 16.nd2-output,(series 1).tif,1024,False,0,0,0.139648,174.1508627547173,<puncta_detect_util.Puncta object at 0x7f75090f8490>,0.92041,0.800293,0.139648,0.137695,True,1,False,False,<puncta_detect_util.Puncta object at 0x7f74e6e20950>,True,37.70781435950221,,,,True
/mount/local5/chenxi/puncta-detection/data/02-18-2022/69.5_ DOPC_30_ DOPS_0.5_ Atto/200 nM Dark ALG2_50 nM Cy3 ESCRT-I_400 nM Atto 488 CHMP6/Captured 9.nd2-output,(series 1).tif,1024,False,0,0,0.103516,268.4359126226577,<puncta_detect_util.Puncta object at 0x7f74e6d2f190>,0.133789,0.571289,0.103516,0.103516,True,1,False,True,<puncta_detect_util.Puncta object at 0x7f75090f8b10>,True,27886.700169244523,0.0,1.0,0.0,True
/mount/local5/chenxi/puncta-detection/data/02-18-2022/69.5_ DOPC_30_ DOPS_0.5_ Atto/200 nM Dark ALG2_50 nM Cy3 ESCRT-I_400 nM Atto 488 CHMP6/Captured 9.nd2-output,(series 1).tif,1024,False,0,0,0.113281,253.39924996264745,<puncta_detect_util.Puncta object at 0x7f74e6d2ffd0>,0.65625,0.457031,0.113281,0.109375,True,1,False,True,<puncta_detect_util.Puncta object at 0x7f74e6d2f990>,True,14865.577442367412,0.0,2.0,0.0,True
/mount/local5/chenxi/puncta-detection/data/02-18-2022/69.5_ DOPC_30_ DOPS_0.5_ Atto/200 nM Dark ALG2_50 nM Cy3 ESCRT-I_400 nM Atto 488 CHMP6/Captured 14.nd2-output,(series 1).tif,1024,False,0,0,0.0537109,341.5989780952782,<puncta_detect_util.Puncta object at 0x7f75090f8790>,0.687012,0.297363,0.0537109,0.0537109,True,1,False,True,<puncta_detect_util.Puncta object at 0x7f7492ba5dd0>,True,9803.885519550699,0.0,2.0,0.0,True
/mount/local5/chenxi/puncta-detection/data/02-18-2022/69.5_ DOPC_30_ DOPS_0.5_ Atto/200 nM Dark ALG2_50 nM Cy3 ESCRT-I_400 nM Atto 488 CHMP6/Captured 14.nd2-output,(series 1).tif,1024,False,0,0,0.0527344,677.6470784032708,<puncta_detect_util.Puncta object at 0x7f75090f8950>,0.692383,0.587891,0.0527344,0.0507812,True,1,True,True,<puncta_detect_util.Puncta object at 0x7f75090f8bd0>,True,19169.241963604665,1.0,1.0,1.0,True
/mount/local5/chenxi/puncta-detection/data/02-18-2022/69.5_ DOPC_30_ DOPS_0.5_ Atto/200 nM Dark ALG2_50 nM Cy3 ESCRT-I_400 nM Atto 488 CHMP6/Captured 14.nd2-output,(series 1).tif,1024,False,0,0,0.15625,283.8899208177568,<puncta_detect_util.Puncta object at 0x7f75090f88d0>,0.837891,0.429688,0.15625,0.144531,True,1,False,True,<puncta_detect_util.Puncta object at 0x7f75090f8ed0>,True,15370.35386285181,0.0,7.0,0.0,True
/mount/local5/chenxi/puncta-detection/data/02-18-2022/69.5_ DOPC_30_ DOPS_0.5_ Atto/200 nM Dark ALG2_50 nM Cy3 ESCRT-I_400 nM Atto 488 CHMP6/Captured 12.nd2-output,(series 1).tif,1024,False,0,0,0.0830078,218.14316606828652,<puncta_detect_util.Puncta object at 0x7f74e6e16fd0>,0.13916,0.480469,0.0830078,0.0761719,True,1,False,True,<puncta_detect_util.Puncta object at 0x7f750909d650>,True,19754.563998540067,0.0,2.0,0.0,True
/mount/local5/chenxi/puncta-detection/data/02-18-2022/69.5_ DOPC_30_ DOPS_0.5_ Atto/200 nM Dark ALG2_50 nM Cy3 ESCRT-I_400 nM Atto 488 CHMP6/Captured 12.nd2-output,(series 1).tif,1024,False,0,0,0.0927734,314.0665890952264,<puncta_detect_util.Puncta object at 0x7f74e6e16d10>,0.333496,0.793457,0.0927734,0.0888672,True,1,False,True,<puncta_detect_util.Puncta object at 0x7f750909d190>,True,22697.633338866428,0.0,1.0,0.0,True
/mount/local5/chenxi/puncta-detection/data/02-18-2022/69.5_ DOPC_30_ DOPS_0.5_ Atto/200 nM Dark ALG2_50 nM Cy3 ESCRT-I_400 nM Atto 488 CHMP6/Captured 12.nd2-output,(series 1).tif,1024,False,0,0,0.0908203,1309.3824158720568,<puncta_detect_util.Puncta object at 0x7f74e6e16190>,0.504395,0.134277,0.0908203,0.0888672,True,1,True,True,<puncta_detect_util.Puncta object at 0x7f750909d790>,True,19630.8745721374,0.5,2.0,0.5,True
/mount/local5/chenxi/puncta-detection/data/02-18-2022/69.5_ DOPC_30_ DOPS_0.5_ Atto/200 nM Dark ALG2_50 nM Cy3 ESCRT-I_400 nM Atto 488 CHMP6/Captured 12.nd2-output,(series 1).tif,1024,False,0,0,0.046875,381.1194265702411,<puncta_detect_util.Puncta object at 0x7f74e6d2fe90>,0.74707,0.75,0.046875,0.046875,True,1,False,True,<puncta_detect_util.Puncta object at 0x7f750909d550>,True,12885.764485848385,0.0,1.0,0.0,True
/mount/local5/chenxi/puncta-detection/data/02-18-2022/69.5_ DOPC_30_ DOPS_0.5_ Atto/200 nM Dark ALG2_50 nM Cy3 ESCRT-I_400 nM Atto 488 CHMP6/Captured 12.nd2-output,(series 1).tif,1024,False,0,0,0.0732422,384.1095991996626,<puncta_detect_util.Puncta object at 0x7f74e6e163d0>,0.959473,0.175293,0.0732422,0.0712891,True,1,False,True,<puncta_detect_util.Puncta object at 0x7f74e6d2f850>,True,25964.05282064555,0.0,2.0,0.0,True
/mount/local5/chenxi/puncta-detection/data/02-18-2022/69.5_ DOPC_30_ DOPS_0.5_ Atto/200 nM Dark ALG2_50 nM Cy3 ESCRT-I_400 nM Atto 488 CHMP6/Captured 17.nd2-output,(series 1).tif,1024,False,0,0,0.100586,294.7644344302621,<puncta_detect_util.Puncta object at 0x7f74e6e20cd0>,0.11377,0.265137,0.100586,0.0986328,True,1,False,True,<puncta_detect_util.Puncta object at 0x7f74e6e20590>,True,19582.22740792771,0.0,3.0,0.0,True
/mount/local5/chenxi/puncta-detection/data/02-18-2022/69.5_ DOPC_30_ DOPS_0.5_ Atto/200 nM Dark ALG2_50 nM Cy3 ESCRT-I_400 nM Atto 488 CHMP6/Captured 17.nd2-output,(series 1).tif,1024,False,0,0,0.0488281,484.76061538461545,<puncta_detect_util.Puncta object at 0x7f74e6d2f7d0>,0.14502,0.901367,0.0478516,0.0488281,True,1,False,True,<puncta_detect_util.Puncta object at 0x7f74e6e20b50>,True,1249.7344419144697,0.0,1.0,0.0,True
/mount/local5/chenxi/puncta-detection/data/02-18-2022/69.5_ DOPC_30_ DOPS_0.5_ Atto/200 nM Dark ALG2_50 nM Cy3 ESCRT-I_400 nM Atto 488 CHMP6/Captured 17.nd2-output,(series 1).tif,1024,False,0,0,0.112305,328.8722836466054,<puncta_detect_util.Puncta object at 0x7f74e6d2f0d0>,0.476074,0.444336,0.112305,0.107422,True,1,True,True,<puncta_detect_util.Puncta object at 0x7f75090ad0d0>,True,18525.500537821667,0.3333333333333333,3.0,0.3333333333333333,True
/mount/local5/chenxi/puncta-detection/data/02-18-2022/69.5_ DOPC_30_ DOPS_0.5_ Atto/200 nM Dark ALG2_50 nM Cy3 ESCRT-I_400 nM Atto 488 CHMP6/Captured 17.nd2-output,(series 1).tif,1024,False,0,0,0.0917969,434.37797757698627,<puncta_detect_util.Puncta object at 0x7f74e6e200d0>,0.577148,0.884766,0.0917969,0.0898438,True,1,False,True,<puncta_detect_util.Puncta object at 0x7f75090ad3d0>,True,3067.804070334767,0.0,2.0,0.0,True
/mount/local5/chenxi/puncta-detection/data/02-18-2022/69.5_ DOPC_30_ DOPS_0.5_ Atto/200 nM Dark ALG2_50 nM Cy3 ESCRT-I_400 nM Atto 488 CHMP6/Captured 17.nd2-output,(series 1).tif,1024,False,0,0,0.0800781,341.7861095788503,<puncta_detect_util.Puncta object at 0x7f74e6d2ff90>,0.668945,0.0791016,0.0800781,0.078125,True,1,False,True,<puncta_detect_util.Puncta object at 0x7f74e6e20150>,True,24935.233161290325,0.0,2.0,0.0,True
/mount/local5/chenxi/puncta-detection/data/02-18-2022/69.5_ DOPC_30_ DOPS_0.5_ Atto/200 nM Dark ALG2_50 nM Cy3 ESCRT-I_400 nM Atto 488 CHMP6/Captured 17.nd2-output,(series 1).tif,1024,False,0,0,0.0566406,588.0773480619173,<puncta_detect_util.Puncta object at 0x7f74e6d2f090>,0.712402,0.887695,0.0556641,0.0566406,True,1,False,True,<puncta_detect_util.Puncta object at 0x7f74e6e20690>,True,27968.18464106121,0.0,1.0,0.0,True
/mount/local5/chenxi/puncta-detection/data/02-18-2022/69.5_ DOPC_30_ DOPS_0.5_ Atto/200 nM Dark ALG2_50 nM Cy3 ESCRT-I_400 nM Atto 488 CHMP6/Captured 17.nd2-output,(series 1).tif,1024,False,0,0,0.0527344,463.2095146493043,<puncta_detect_util.Puncta object at 0x7f74e6e20c10>,0.770508,0.418945,0.0527344,0.0527344,True,1,True,True,<puncta_detect_util.Puncta object at 0x7f75090ade90>,True,29412.571886582657,1.0,1.0,1.0,True
/mount/local5/chenxi/puncta-detection/data/02-18-2022/69.5_ DOPC_30_ DOPS_0.5_ Atto/200 nM Dark ALG2_50 nM Cy3 ESCRT-I_400 nM Atto 488 CHMP6/Captured 17.nd2-output,(series 1).tif,1024,False,0,0,0.0683594,419.51741171324784,<puncta_detect_util.Puncta object at 0x7f74e6e209d0>,0.816406,0.922852,0.0664062,0.0683594,True,1,False,True,<puncta_detect_util.Puncta object at 0x7f74e6e20f50>,True,15040.079433573932,0.0,2.0,0.0,True
/mount/local5/chenxi/puncta-detection/data/02-18-2022/69.5_ DOPC_30_ DOPS_0.5_ Atto/200 nM Dark ALG2_50 nM Cy3 ESCRT-I_400 nM Atto 488 CHMP6/Captured 17.nd2-output,(series 1).tif,1024,False,0,0,0.0683594,350.3261465609112,<puncta_detect_util.Puncta object at 0x7f74e6d2f710>,0.834961,0.0878906,0.0683594,0.0683594,True,1,False,True,<puncta_detect_util.Puncta object at 0x7f75090ad710>,True,22547.718408326324,0.0,1.0,0.0,True
/mount/local5/chenxi/puncta-detection/data/02-18-2022/69.5_ DOPC_30_ DOPS_0.5_ Atto/200 nM Dark ALG2_50 nM Cy3 ESCRT-I_400 nM Atto 488 CHMP6/Captured 17.nd2-output,(series 1).tif,1024,False,0,0,0.0644531,433.0749186481539,<puncta_detect_util.Puncta object at 0x7f74e6d2f2d0>,0.854492,0.491211,0.0644531,0.0644531,True,1,False,True,<puncta_detect_util.Puncta object at 0x7f74e6e208d0>,True,9892.729688806317,0.0,1.0,0.0,True
/mount/local5/chenxi/puncta-detection/data/02-18-2022/69.5_ DOPC_30_ DOPS_0.5_ Atto/200 nM Dark ALG2_50 nM Cy3 ESCRT-I_400 nM Atto 488 CHMP6/Captured 17.nd2-output,(series 1).tif,1024,False,0,0,0.0595703,474.7546873793781,<puncta_detect_util.Puncta object at 0x7f74e6e20f90>,0.939453,0.745605,0.0585938,0.0595703,True,1,True,True,<puncta_detect_util.Puncta object at 0x7f74e6e201d0>,True,25423.80592952894,1.0,1.0,1.0,True
/mount/local5/chenxi/puncta-detection/data/02-18-2022/69.5_ DOPC_30_ DOPS_0.5_ Atto/200 nM Dark ALG2_50 nM Cy3 ESCRT-I_400 nM Atto 488 CHMP6/Captured 13.nd2-output,(series 1).tif,1024,False,0,0,0.0673828,321.00215561137884,<puncta_detect_util.Puncta object at 0x7f74e6e165d0>,0.27832,0.11084,0.0664062,0.0673828,True,1,False,True,<puncta_detect_util.Puncta object at 0x7f74e6e20210>,True,14145.843497730115,0.0,1.0,0.0,True
/mount/local5/chenxi/puncta-detection/data/02-18-2022/69.5_ DOPC_30_ DOPS_0.5_ Atto/200 nM Dark ALG2_50 nM Cy3 ESCRT-I_400 nM Atto 488 CHMP6/Captured 13.nd2-output,(series 1).tif,1024,False,0,0,0.0810547,328.30636939923716,<puncta_detect_util.Puncta object at 0x7f74e6e16a10>,0.404785,0.395508,0.0810547,0.0722656,True,1,False,True,<puncta_detect_util.Puncta object at 0x7f74e6e20a50>,True,18246.688882622253,0.0,2.0,0.0,False
/mount/local5/chenxi/puncta-detection/data/02-18-2022/69.5_ DOPC_30_ DOPS_0.5_ Atto/200 nM Dark ALG2_50 nM Cy3 ESCRT-I_400 nM Atto 488 CHMP6/Captured 13.nd2-output,(series 1).tif,1024,False,0,0,0.0908203,337.25143968457587,<puncta_detect_util.Puncta object at 0x7f75090f8ad0>,0.521973,0.786133,0.0908203,0.0878906,True,1,False,True,<puncta_detect_util.Puncta object at 0x7f74e6e20f10>,True,18501.384625283434,0.0,2.0,0.0,True
/mount/local5/chenxi/puncta-detection/data/02-18-2022/69.5_ DOPC_30_ DOPS_0.5_ Atto/200 nM Dark ALG2_50 nM Cy3 ESCRT-I_400 nM Atto 488 CHMP6/Captured 13.nd2-output,(series 1).tif,1024,False,0,0,0.101562,267.13192141849413,<puncta_detect_util.Puncta object at 0x7f74e6e16e10>,0.546875,0.59668,0.101562,0.0996094,True,1,True,True,<puncta_detect_util.Puncta object at 0x7f74e6e29890>,True,21884.640128773157,1.0,1.0,1.0,True
/mount/local5/chenxi/puncta-detection/data/02-18-2022/69.5_ DOPC_30_ DOPS_0.5_ Atto/200 nM Dark ALG2_50 nM Cy3 ESCRT-I_400 nM Atto 488 CHMP6/Captured 13.nd2-output,(series 1).tif,1024,False,0,0,0.0996094,247.99861861378577,<puncta_detect_util.Puncta object at 0x7f75090f82d0>,0.651367,0.145508,0.0996094,0.0996094,True,1,True,True,<puncta_detect_util.Puncta object at 0x7f7509119310>,True,20424.946092467417,1.0,1.0,1.0,True
/mount/local5/chenxi/puncta-detection/data/02-18-2022/69.5_ DOPC_30_ DOPS_0.5_ Atto/200 nM Dark ALG2_50 nM Cy3 ESCRT-I_400 nM Atto 488 CHMP6/Captured 18.nd2-output,(series 1).tif,1024,False,0,0,0.0976562,253.7877034542571,<puncta_detect_util.Puncta object at 0x7f74e6e16b50>,0.043457,0.535156,0.0869141,0.0976562,True,1,False,True,<puncta_detect_util.Puncta object at 0x7f74e6e49e10>,True,18400.378400770715,0.0,3.0,0.0,False
/mount/local5/chenxi/puncta-detection/data/02-18-2022/69.5_ DOPC_30_ DOPS_0.5_ Atto/200 nM Dark ALG2_50 nM Cy3 ESCRT-I_400 nM Atto 488 CHMP6/Captured 18.nd2-output,(series 1).tif,1024,False,0,0,0.100586,288.7089615886139,<puncta_detect_util.Puncta object at 0x7f74e6e49750>,0.0786133,0.0166016,0.100586,0.0332031,True,1,False,True,<puncta_detect_util.Puncta object at 0x7f75090ad110>,True,23337.37829955562,0.0,1.0,0.0,False
/mount/local5/chenxi/puncta-detection/data/02-18-2022/69.5_ DOPC_30_ DOPS_0.5_ Atto/200 nM Dark ALG2_50 nM Cy3 ESCRT-I_400 nM Atto 488 CHMP6/Captured 18.nd2-output,(series 1).tif,1024,False,0,0,0.0507812,332.3762697510274,<puncta_detect_util.Puncta object at 0x7f750909d990>,0.0898438,0.732422,0.0507812,0.0507812,True,1,False,True,<puncta_detect_util.Puncta object at 0x7f75090adb90>,True,957.3831083993323,0.0,1.0,0.0,True
/mount/local5/chenxi/puncta-detection/data/02-18-2022/69.5_ DOPC_30_ DOPS_0.5_ Atto/200 nM Dark ALG2_50 nM Cy3 ESCRT-I_400 nM Atto 488 CHMP6/Captured 18.nd2-output,(series 1).tif,1024,False,0,0,0.0976562,289.08093058120267,<puncta_detect_util.Puncta object at 0x7f7509119510>,0.104492,0.350586,0.0976562,0.0957031,True,1,True,True,<puncta_detect_util.Puncta object at 0x7f74e6e49cd0>,True,15901.408323155623,0.25,4.0,0.25,True
/mount/local5/chenxi/puncta-detection/data/02-18-2022/69.5_ DOPC_30_ DOPS_0.5_ Atto/200 nM Dark ALG2_50 nM Cy3 ESCRT-I_400 nM Atto 488 CHMP6/Captured 18.nd2-output,(series 1).tif,1024,False,0,0,0.09375,293.6870054116298,<puncta_detect_util.Puncta object at 0x7f74e6e16f90>,0.308594,0.102051,0.09375,0.0927734,True,1,False,True,<puncta_detect_util.Puncta object at 0x7f74e6e20490>,True,20159.84342755666,0.0,2.0,0.0,True
/mount/local5/chenxi/puncta-detection/data/02-18-2022/69.5_ DOPC_30_ DOPS_0.5_ Atto/200 nM Dark ALG2_50 nM Cy3 ESCRT-I_400 nM Atto 488 CHMP6/Captured 18.nd2-output,(series 1).tif,1024,False,0,0,0.0839844,313.78679216913633,<puncta_detect_util.Puncta object at 0x7f74e6e29c90>,0.743164,0.238281,0.0839844,0.0820312,True,1,False,True,<puncta_detect_util.Puncta object at 0x7f74e6e49bd0>,True,21648.98694704177,0.0,1.0,0.0,True
/mount/local5/chenxi/puncta-detection/data/02-18-2022/69.5_ DOPC_30_ DOPS_0.5_ Atto/200 nM Dark ALG2_50 nM Cy3 ESCRT-I_400 nM Atto 488 CHMP6/Captured 18.nd2-output,(series 1).tif,1024,False,0,0,0.0703125,445.33436632120856,<puncta_detect_util.Puncta object at 0x7f750909da90>,0.761719,0.330078,0.0703125,0.0703125,True,1,False,True,<puncta_detect_util.Puncta object at 0x7f74e6e490d0>,True,19889.559848013017,0.0,3.0,0.0,True
/mount/local5/chenxi/puncta-detection/data/02-18-2022/69.5_ DOPC_30_ DOPS_0.5_ Atto/200 nM Dark ALG2_50 nM Cy3 ESCRT-I_400 nM Atto 488 CHMP6/Captured 18.nd2-output,(series 1).tif,1024,False,0,0,0.0585938,358.92260348583886,<puncta_detect_util.Puncta object at 0x7f74e6e16510>,0.855469,0.116211,0.0585938,0.0585938,True,1,False,True,<puncta_detect_util.Puncta object at 0x7f750909d1d0>,True,23410.833019393143,0.0,1.0,0.0,True
/mount/local5/chenxi/puncta-detection/data/02-18-2022/69.5_ DOPC_30_ DOPS_0.5_ Atto/200 nM Dark ALG2_50 nM Cy3 ESCRT-I_400 nM Atto 488 CHMP6/Captured 18.nd2-output,(series 1).tif,1024,False,0,0,0.0712891,364.9881011370271,<puncta_detect_util.Puncta object at 0x7f74e6e29910>,0.969238,0.67041,0.0615234,0.0712891,True,1,False,True,<puncta_detect_util.Puncta object at 0x7f74e6e49850>,True,18210.66339986544,0.0,1.0,0.0,False
/mount/local5/chenxi/puncta-detection/data/02-18-2022/69.5_ DOPC_30_ DOPS_0.5_ Atto/200 nM Dark ALG2_50 nM Cy3 ESCRT-I_400 nM Atto 488 CHMP6/Captured 18.nd2-output,(series 1).tif,1024,False,0,0,0.0839844,322.4000253735853,<puncta_detect_util.Puncta object at 0x7f74e6e16310>,0.971191,0.902344,0.0556641,0.0839844,True,1,False,False,<puncta_detect_util.Puncta object at 0x7f75090ad650>,True,790.0925551321484,,,,False
/mount/local5/chenxi/puncta-detection/data/02-18-2022/69.5_ DOPC_30_ DOPS_0.5_ Atto/200 nM Dark ALG2_50 nM Cy3 ESCRT-I_400 nM Atto 488 CHMP6/Captured 19.nd2-output,(series 1).tif,1024,False,0,0,0.126953,207.9322212306747,<puncta_detect_util.Puncta object at 0x7f74e6d2f490>,0.280273,0.266602,0.126953,0.119141,True,1,False,True,<puncta_detect_util.Puncta object at 0x7f750909d110>,True,15915.4606235937,0.0,4.0,0.0,True
/mount/local5/chenxi/puncta-detection/data/02-18-2022/69.5_ DOPC_30_ DOPS_0.5_ Atto/200 nM Dark ALG2_50 nM Cy3 ESCRT-I_400 nM Atto 488 CHMP6/Captured 19.nd2-output,(series 1).tif,1024,False,0,0,0.0810547,292.8173545358036,<puncta_detect_util.Puncta object at 0x7f750909da10>,0.498535,0.592773,0.0810547,0.0800781,True,1,False,True,<puncta_detect_util.Puncta object at 0x7f750909d090>,True,23363.055987829815,0.0,2.0,0.0,True
/mount/local5/chenxi/puncta-detection/data/02-18-2022/69.5_ DOPC_30_ DOPS_0.5_ Atto/200 nM Dark ALG2_50 nM Cy3 ESCRT-I_400 nM Atto 488 CHMP6/Captured 19.nd2-output,(series 1).tif,1024,False,0,0,0.0507812,325.1536883882063,<puncta_detect_util.Puncta object at 0x7f7509119550>,0.635742,0.333984,0.0488281,0.0507812,True,1,False,True,<puncta_detect_util.Puncta object at 0x7f750909dc50>,True,16777.313981851777,0.0,1.0,0.0,True
/mount/local5/chenxi/puncta-detection/data/02-18-2022/69.5_ DOPC_30_ DOPS_0.5_ Atto/200 nM Dark ALG2_50 nM Cy3 ESCRT-I_400 nM Atto 488 CHMP6/Captured 19.nd2-output,(series 1).tif,1024,False,0,0,0.078125,1087.0149785701833,<puncta_detect_util.Puncta object at 0x7f7509119c50>,0.670898,0.745117,0.078125,0.0761719,True,1,True,True,<puncta_detect_util.Puncta object at 0x7f74e6e44750>,True,23939.32905446322,0.5,2.0,0.5,True
/mount/local5/chenxi/puncta-detection/data/02-18-2022/69.5_ DOPC_30_ DOPS_0.5_ Atto/200 nM Dark ALG2_50 nM Cy3 ESCRT-I_400 nM Atto 488 CHMP6/Captured 19.nd2-output,(series 1).tif,1024,False,0,0,0.0878906,1102.1431558477238,<puncta_detect_util.Puncta object at 0x7f75090ad910>,0.743652,0.75293,0.0869141,0.0878906,True,1,True,True,<puncta_detect_util.Puncta object at 0x7f750909d850>,True,20272.920968790637,0.3333333333333333,3.0,0.3333333333333333,True
/mount/local5/chenxi/puncta-detection/data/02-18-2022/69.5_ DOPC_30_ DOPS_0.5_ Atto/200 nM Dark ALG2_50 nM Cy3 ESCRT-I_400 nM Atto 488 CHMP6/Captured 19.nd2-output,(series 1).tif,1024,False,0,0,0.0839844,247.29076525390064,<puncta_detect_util.Puncta object at 0x7f74e6d2f8d0>,0.824219,0.148926,0.0839844,0.0810547,True,1,True,True,<puncta_detect_util.Puncta object at 0x7f75090ad890>,True,19822.672018293666,0.5,2.0,0.5,True
/mount/local5/chenxi/puncta-detection/data/02-18-2022/69.5_ DOPC_30_ DOPS_0.5_ Atto/200 nM Dark ALG2_50 nM Cy3 ESCRT-I_400 nM Atto 488 CHMP6/Captured 19.nd2-output,(series 1).tif,1024,False,0,0,0.0634766,256.20461645008845,<puncta_detect_util.Puncta object at 0x7f74e6d2f550>,0.976562,0.182129,0.046875,0.0634766,True,1,False,True,<puncta_detect_util.Puncta object at 0x7f7509119790>,True,8895.790934185243,0.0,1.0,0.0,False
/mount/local5/chenxi/puncta-detection/data/02-18-2022/69.5_ DOPC_30_ DOPS_0.5_ Atto/200 nM Dark ALG2_50 nM Cy3 ESCRT-I_400 nM Atto 488 CHMP6/Captured 11.nd2-output,(series 1).tif,1024,False,0,0,0.152344,12795.723192174055,<puncta_detect_util.Puncta object at 0x7f75090ad550>,0.173828,0.749023,0.152344,0.140625,True,1,True,True,<puncta_detect_util.Puncta object at 0x7f74e6e44a90>,True,16003.180088162722,0.2,5.0,0.2,True
/mount/local5/chenxi/puncta-detection/data/02-18-2022/69.5_ DOPC_30_ DOPS_0.5_ Atto/200 nM Dark ALG2_50 nM Cy3 ESCRT-I_400 nM Atto 488 CHMP6/Captured 11.nd2-output,(series 1).tif,1024,False,0,0,0.0693359,271.838776488833,<puncta_detect_util.Puncta object at 0x7f750909dc10>,0.289551,0.506836,0.0693359,0.0683594,True,1,False,False,<puncta_detect_util.Puncta object at 0x7f74e6e44e50>,True,36.72869296556655,,,,True
/mount/local5/chenxi/puncta-detection/data/02-18-2022/69.5_ DOPC_30_ DOPS_0.5_ Atto/200 nM Dark ALG2_50 nM Cy3 ESCRT-I_400 nM Atto 488 CHMP6/Captured 11.nd2-output,(series 1).tif,1024,False,0,0,0.101562,337.69941506627765,<puncta_detect_util.Puncta object at 0x7f75090adc90>,0.46582,0.368164,0.101562,0.0996094,True,1,True,True,<puncta_detect_util.Puncta object at 0x7f74e6e440d0>,True,20254.72618836689,0.25,4.0,0.25,True
/mount/local5/chenxi/puncta-detection/data/02-18-2022/69.5_ DOPC_30_ DOPS_0.5_ Atto/200 nM Dark ALG2_50 nM Cy3 ESCRT-I_400 nM Atto 488 CHMP6/Captured 11.nd2-output,(series 1).tif,1024,False,0,0,0.0839844,264.31679499071015,<puncta_detect_util.Puncta object at 0x7f75090add90>,0.766602,0.348633,0.0839844,0.0820312,True,1,False,True,<puncta_detect_util.Puncta object at 0x7f74e6e44650>,True,8319.758006749531,0.0,3.0,0.0,True
/mount/local5/chenxi/puncta-detection/data/02-18-2022/69.5_ DOPC_30_ DOPS_0.5_ Atto/200 nM Dark ALG2_50 nM Cy3 ESCRT-I_400 nM Atto 488 CHMP6/Captured 11.nd2-output,(series 1).tif,1024,False,0,0,0.0605469,268.5904228039417,<puncta_detect_util.Puncta object at 0x7f750909d890>,0.84082,0.695312,0.0605469,0.0585938,True,1,False,True,<puncta_detect_util.Puncta object at 0x7f74e6e44910>,True,11444.366363529416,0.0,1.0,0.0,True
/mount/local5/chenxi/puncta-detection/data/02-18-2022/69.5_ DOPC_30_ DOPS_0.5_ Atto/200 nM Dark ALG2_50 nM Cy3 ESCRT-I_400 nM Atto 488 CHMP6/Captured 2.nd2-output,(series 1).tif,1024,False,0,0,0.0566406,525.5215587259754,<puncta_detect_util.Puncta object at 0x7f74e6e44e90>,0.0698242,0.532227,0.0556641,0.0566406,True,1,False,True,<puncta_detect_util.Puncta object at 0x7f74e6e44090>,True,19536.99204650732,0.0,2.0,0.0,True
/mount/local5/chenxi/puncta-detection/data/02-18-2022/69.5_ DOPC_30_ DOPS_0.5_ Atto/200 nM Dark ALG2_50 nM Cy3 ESCRT-I_400 nM Atto 488 CHMP6/Captured 2.nd2-output,(series 1).tif,1024,False,0,0,0.0888672,352.969037982029,<puncta_detect_util.Puncta object at 0x7f74e6e448d0>,0.281738,0.784668,0.0888672,0.0888672,True,1,False,True,<puncta_detect_util.Puncta object at 0x7f74e6e44050>,True,19436.335205071176,0.0,2.0,0.0,True
/mount/local5/chenxi/puncta-detection/data/02-18-2022/69.5_ DOPC_30_ DOPS_0.5_ Atto/200 nM Dark ALG2_50 nM Cy3 ESCRT-I_400 nM Atto 488 CHMP6/Captured 2.nd2-output,(series 1).tif,1024,False,0,0,0.0839844,3416.26635600758,<puncta_detect_util.Puncta object at 0x7f74e6e44510>,0.483398,0.489258,0.0839844,0.0800781,True,1,True,True,<puncta_detect_util.Puncta object at 0x7f74e6e44250>,True,23913.184870403948,1.0,2.0,1.0,True
/mount/local5/chenxi/puncta-detection/data/02-18-2022/69.5_ DOPC_30_ DOPS_0.5_ Atto/200 nM Dark ALG2_50 nM Cy3 ESCRT-I_400 nM Atto 488 CHMP6/Captured 2.nd2-output,(series 1).tif,1024,False,0,0,0.0800781,412.11376608229284,<puncta_detect_util.Puncta object at 0x7f74e6e44850>,0.762695,0.410645,0.0800781,0.0791016,True,1,True,True,<puncta_detect_util.Puncta object at 0x7f74e6e295d0>,True,21881.42644616322,1.0,1.0,1.0,True
/mount/local5/chenxi/puncta-detection/data/02-18-2022/69.5_ DOPC_30_ DOPS_0.5_ Atto/200 nM Dark ALG2_50 nM Cy3 ESCRT-I_400 nM Atto 488 CHMP6/Captured 2.nd2-output,(series 1).tif,1024,False,0,0,0.104492,320.55420354050557,<puncta_detect_util.Puncta object at 0x7f74e6e442d0>,0.780762,0.15625,0.104492,0.0976562,True,1,False,True,<puncta_detect_util.Puncta object at 0x7f74e6e29c10>,True,8770.565681394271,0.0,2.0,0.0,True
/mount/local5/chenxi/puncta-detection/data/02-18-2022/69.5_ DOPC_30_ DOPS_0.5_ Atto/200 nM Dark ALG2_50 nM Cy3 ESCRT-I_400 nM Atto 488 CHMP6/Captured 8.nd2-output,(series 1).tif,1024,False,0,0,0.15332,223.02009665766082,<puncta_detect_util.Puncta object at 0x7f74e6d9d310>,0.0942383,0.771484,0.15332,0.134766,True,1,False,True,<puncta_detect_util.Puncta object at 0x7f74e6cfd210>,True,13702.414327630311,0.0,2.0,0.0,False
/mount/local5/chenxi/puncta-detection/data/02-18-2022/69.5_ DOPC_30_ DOPS_0.5_ Atto/200 nM Dark ALG2_50 nM Cy3 ESCRT-I_400 nM Atto 488 CHMP6/Captured 8.nd2-output,(series 1).tif,1024,False,0,0,0.0683594,325.6085482108783,<puncta_detect_util.Puncta object at 0x7f74e6d9da10>,0.192383,0.395508,0.0683594,0.0683594,True,1,False,True,<puncta_detect_util.Puncta object at 0x7f75090ad2d0>,True,17619.589540028617,0.0,5.0,0.0,True
/mount/local5/chenxi/puncta-detection/data/02-18-2022/69.5_ DOPC_30_ DOPS_0.5_ Atto/200 nM Dark ALG2_50 nM Cy3 ESCRT-I_400 nM Atto 488 CHMP6/Captured 8.nd2-output,(series 1).tif,1024,False,0,0,0.128906,227.60780400070234,<puncta_detect_util.Puncta object at 0x7f74e6d9d650>,0.574219,0.320312,0.128906,0.113281,True,1,False,True,<puncta_detect_util.Puncta object at 0x7f74e6d9df90>,True,4263.83072408071,0.0,3.0,0.0,False
/mount/local5/chenxi/puncta-detection/data/02-18-2022/69.5_ DOPC_30_ DOPS_0.5_ Atto/200 nM Dark ALG2_50 nM Cy3 ESCRT-I_400 nM Atto 488 CHMP6/Captured 8.nd2-output,(series 1).tif,1024,False,0,0,0.0917969,259.8044937905006,<puncta_detect_util.Puncta object at 0x7f74e6e29390>,0.760742,0.729492,0.0917969,0.0878906,True,1,False,True,<puncta_detect_util.Puncta object at 0x7f74e6d9d510>,True,20165.66154761905,0.0,1.0,0.0,True
/mount/local5/chenxi/puncta-detection/data/02-18-2022/69.5_ DOPC_30_ DOPS_0.5_ Atto/200 nM Dark ALG2_50 nM Cy3 ESCRT-I_400 nM Atto 488 CHMP6/Captured 8.nd2-output,(series 1).tif,1024,False,0,0,0.0566406,320.08047544269584,<puncta_detect_util.Puncta object at 0x7f74e6d9dc90>,0.803711,0.306152,0.0566406,0.0556641,True,1,False,True,<puncta_detect_util.Puncta object at 0x7f74e6d9dc50>,True,21343.040819470116,0.0,1.0,0.0,True
/mount/local5/chenxi/puncta-detection/data/02-18-2022/69.5_ DOPC_30_ DOPS_0.5_ Atto/200 nM Dark ALG2_50 nM Cy3 ESCRT-I_400 nM Atto 488 CHMP6/Captured 8.nd2-output,(series 1).tif,1024,False,0,0,0.0703125,289.46723744990004,<puncta_detect_util.Puncta object at 0x7f74e6d9d450>,0.814453,0.242188,0.0703125,0.0703125,True,1,False,True,<puncta_detect_util.Puncta object at 0x7f74e6d9d250>,True,9622.688673708919,0.0,1.0,0.0,True
/mount/local5/chenxi/puncta-detection/data/02-18-2022/69.5_ DOPC_30_ DOPS_0.5_ Atto/200 nM Dark ALG2_50 nM Cy3 ESCRT-I_400 nM Atto 488 CHMP6/Captured 8.nd2-output,(series 1).tif,1024,False,0,0,0.100586,325.8937595048683,<puncta_detect_util.Puncta object at 0x7f74e6d9d350>,0.895996,0.777832,0.0966797,0.100586,True,1,True,True,<puncta_detect_util.Puncta object at 0x7f750909d210>,True,22476.771172933524,0.5,2.0,0.5,True
/mount/local5/chenxi/puncta-detection/data/02-18-2022/69.5_ DOPC_30_ DOPS_0.5_ Atto/200 nM Dark ALG2_50 nM Cy3 ESCRT-I_400 nM Atto 488 CHMP6/Captured 5.nd2-output,(series 1).tif,1024,False,0,0,0.0966797,322.496863408011,<puncta_detect_util.Puncta object at 0x7f7508fce550>,0.340332,0.308105,0.0966797,0.0947266,True,1,False,True,<puncta_detect_util.Puncta object at 0x7f7508fce390>,True,19484.618268698254,0.0,4.0,0.0,True
/mount/local5/chenxi/puncta-detection/data/02-18-2022/69.5_ DOPC_30_ DOPS_0.5_ Atto/200 nM Dark ALG2_50 nM Cy3 ESCRT-I_400 nM Atto 488 CHMP6/Captured 5.nd2-output,(series 1).tif,1024,False,0,0,0.103516,264.7207976282225,<puncta_detect_util.Puncta object at 0x7f74e6d2f450>,0.460938,0.686523,0.103516,0.103516,True,1,False,False,<puncta_detect_util.Puncta object at 0x7f7508fce2d0>,True,95.92949383390533,,,,True
/mount/local5/chenxi/puncta-detection/data/02-18-2022/69.5_ DOPC_30_ DOPS_0.5_ Atto/200 nM Dark ALG2_50 nM Cy3 ESCRT-I_400 nM Atto 488 CHMP6/Captured 5.nd2-output,(series 1).tif,1024,False,0,0,0.0957031,246.22550766340646,<puncta_detect_util.Puncta object at 0x7f74e6e49190>,0.461914,0.392578,0.0957031,0.09375,True,1,False,True,<puncta_detect_util.Puncta object at 0x7f7508fcef90>,True,9069.24896065686,0.0,3.0,0.0,True
/mount/local5/chenxi/puncta-detection/data/02-18-2022/69.5_ DOPC_30_ DOPS_0.5_ Atto/200 nM Dark ALG2_50 nM Cy3 ESCRT-I_400 nM Atto 488 CHMP6/Captured 5.nd2-output,(series 1).tif,1024,False,0,0,0.0839844,416.20468353444903,<puncta_detect_util.Puncta object at 0x7f74e6d2f110>,0.768555,0.380371,0.0839844,0.0810547,True,1,True,True,<puncta_detect_util.Puncta object at 0x7f7508fcead0>,True,20325.83588991286,0.5,2.0,0.5,True
/mount/local5/chenxi/puncta-detection/data/02-18-2022/69.5_ DOPC_30_ DOPS_0.5_ Atto/200 nM Dark ALG2_50 nM Cy3 ESCRT-I_400 nM Atto 488 CHMP6/Captured 5.nd2-output,(series 1).tif,1024,False,0,0,0.0751953,18953.51528130817,<puncta_detect_util.Puncta object at 0x7f7508fced10>,0.849121,0.11084,0.0751953,0.0751953,True,1,True,True,<puncta_detect_util.Puncta object at 0x7f7508fce950>,True,21069.38125541389,0.5,2.0,0.5,True
/mount/local5/chenxi/puncta-detection/data/02-18-2022/69.5_ DOPC_30_ DOPS_0.5_ Atto/200 nM Dark ALG2_50 nM Cy3 ESCRT-I_400 nM Atto 488 CHMP6/Captured 5.nd2-output,(series 1).tif,1024,False,0,0,0.0507812,366.48385706736053,<puncta_detect_util.Puncta object at 0x7f7508fcee90>,0.982422,0.885742,0.0351562,0.0507812,True,1,False,True,<puncta_detect_util.Puncta object at 0x7f7508fcedd0>,True,11180.663792411968,0.0,1.0,0.0,False
/mount/local5/chenxi/puncta-detection/data/02-18-2022/69.5_ DOPC_30_ DOPS_0.5_ Atto/200 nM Dark ALG2_50 nM Cy3 ESCRT-I_400 nM Atto 488 CHMP6/Captured 1.nd2-output,(series 1).tif,1024,False,0,0,0.0986328,227.77734350274386,<puncta_detect_util.Puncta object at 0x7f74e6e29b90>,0.074707,0.183594,0.0986328,0.0957031,True,1,False,True,<puncta_detect_util.Puncta object at 0x7f7508fce4d0>,True,12333.175990053327,0.0,4.0,0.0,True
/mount/local5/chenxi/puncta-detection/data/02-18-2022/69.5_ DOPC_30_ DOPS_0.5_ Atto/200 nM Dark ALG2_50 nM Cy3 ESCRT-I_400 nM Atto 488 CHMP6/Captured 1.nd2-output,(series 1).tif,1024,False,0,0,0.161133,238.1069749722592,<puncta_detect_util.Puncta object at 0x7f7509119910>,0.555176,0.847168,0.161133,0.151367,True,1,True,True,<puncta_detect_util.Puncta object at 0x7f7508fce6d0>,True,15566.349858487032,0.25,4.0,0.25,True
/mount/local5/chenxi/puncta-detection/data/02-18-2022/69.5_ DOPC_30_ DOPS_0.5_ Atto/200 nM Dark ALG2_50 nM Cy3 ESCRT-I_400 nM Atto 488 CHMP6/Captured_4x.nd2-output,(series 1).tif,1024,False,0,0,0.125,189.81026750764977,<puncta_detect_util.Puncta object at 0x7f7508fcea10>,0.389648,0.270508,0.09375,0.125,True,1,False,False,<puncta_detect_util.Puncta object at 0x7f7509119890>,True,43.13364861627588,,,,False
/mount/local5/chenxi/puncta-detection/data/02-18-2022/69.5_ DOPC_30_ DOPS_0.5_ Atto/200 nM Dark ALG2_50 nM Cy3 ESCRT-I_400 nM Atto 488 CHMP6/Captured_4x.nd2-output,(series 1).tif,1024,False,0,0,0.133789,165.47281188123634,<puncta_detect_util.Puncta object at 0x7f74e6e29590>,0.402832,0.932617,0.133789,0.130859,True,1,False,True,<puncta_detect_util.Puncta object at 0x7f7508fce350>,True,4151.5984419265405,0.0,1.0,0.0,True
/mount/local5/chenxi/puncta-detection/data/02-18-2022/69.5_ DOPC_30_ DOPS_0.5_ Atto/200 nM Dark ALG2_50 nM Cy3 ESCRT-I_400 nM Atto 488 CHMP6/Captured_4x.nd2-output,(series 1).tif,1024,False,0,0,0.136719,119.07516843238409,<puncta_detect_util.Puncta object at 0x7f7508fce450>,0.696289,0.933105,0.136719,0.12793,True,1,False,False,<puncta_detect_util.Puncta object at 0x7f7508ff4950>,True,65.92273609210906,,,,True
/mount/local5/chenxi/puncta-detection/data/02-18-2022/69.5_ DOPC_30_ DOPS_0.5_ Atto/200 nM Dark ALG2_50 nM Cy3 ESCRT-I_400 nM Atto 488 CHMP6/Captured_4x.nd2-output,(series 1).tif,1024,False,0,0,0.0556641,-135.57998693270292,<puncta_detect_util.Puncta object at 0x7f7508fce810>,0.993164,0.186035,0.0136719,0.0556641,True,1,True,True,<puncta_detect_util.Puncta object at 0x7f7508ff46d0>,True,-358.8465943706615,1.0,1.0,1.0,False
/mount/local5/chenxi/puncta-detection/data/02-18-2022/69.5_ DOPC_30_ DOPS_0.5_ Atto/200 nM Dark ALG2_50 nM Cy3 ESCRT-I_400 nM Atto 488 CHMP6/Captured 15.nd2-output,(series 1).tif,1024,False,0,0,0.166016,255.39098289366848,<puncta_detect_util.Puncta object at 0x7f7508ff4710>,0.100586,0.506348,0.166016,0.145508,True,1,False,True,<puncta_detect_util.Puncta object at 0x7f7508ff4310>,True,16806.07148057919,0.0,6.0,0.0,False
/mount/local5/chenxi/puncta-detection/data/02-18-2022/69.5_ DOPC_30_ DOPS_0.5_ Atto/200 nM Dark ALG2_50 nM Cy3 ESCRT-I_400 nM Atto 488 CHMP6/Captured 15.nd2-output,(series 1).tif,1024,False,0,0,0.154297,171.73024705884427,<puncta_detect_util.Puncta object at 0x7f7508ff4f90>,0.401367,0.13623,0.154297,0.149414,True,1,False,True,<puncta_detect_util.Puncta object at 0x7f74e6e49d50>,True,12878.593099502968,0.0,4.0,0.0,True
/mount/local5/chenxi/puncta-detection/data/02-18-2022/69.5_ DOPC_30_ DOPS_0.5_ Atto/200 nM Dark ALG2_50 nM Cy3 ESCRT-I_400 nM Atto 488 CHMP6/Captured 15.nd2-output,(series 1).tif,1024,False,0,0,0.118164,263.7930411851962,<puncta_detect_util.Puncta object at 0x7f7508ff4dd0>,0.461426,0.00976562,0.118164,0.0195312,True,1,False,False,<puncta_detect_util.Puncta object at 0x7f7508ff4d90>,True,31.84614019520859,,,,False
/mount/local5/chenxi/puncta-detection/data/02-18-2022/69.5_ DOPC_30_ DOPS_0.5_ Atto/200 nM Dark ALG2_50 nM Cy3 ESCRT-I_400 nM Atto 488 CHMP6/Captured 15.nd2-output,(series 1).tif,1024,False,0,0,0.109375,257.4781479822436,<puncta_detect_util.Puncta object at 0x7f7508ff4250>,0.933594,0.712891,0.109375,0.107422,True,1,False,True,<puncta_detect_util.Puncta object at 0x7f7508ff4c50>,True,18114.81731502163,0.0,1.0,0.0,True
/mount/local5/chenxi/puncta-detection/data/02-18-2022/69.5_ DOPC_30_ DOPS_0.5_ Atto/200 nM Dark ALG2_50 nM Cy3 ESCRT-I_400 nM Atto 488 CHMP6/Captured.nd2-output,(series 1).tif,1024,False,0,0,0.166992,148.75021934300912,<puncta_detect_util.Puncta object at 0x7f74e6d9dd50>,0.140625,0.556152,0.162109,0.166992,True,1,False,False,<puncta_detect_util.Puncta object at 0x7f74e6d9dad0>,True,10.863661760748528,,,,True
/mount/local5/chenxi/puncta-detection/data/02-18-2022/69.5_ DOPC_30_ DOPS_0.5_ Atto/200 nM Dark ALG2_50 nM Cy3 ESCRT-I_400 nM Atto 488 CHMP6/Captured.nd2-output,(series 1).tif,1024,False,0,0,0.150391,183.1269506492804,<puncta_detect_util.Puncta object at 0x7f74e6d9de50>,0.466797,0.69043,0.150391,0.138672,True,1,False,True,<puncta_detect_util.Puncta object at 0x7f750901dc50>,True,17398.149742884514,0.0,1.0,0.0,True
/mount/local5/chenxi/puncta-detection/data/02-18-2022/69.5_ DOPC_30_ DOPS_0.5_ Atto/200 nM Dark ALG2_50 nM Cy3 ESCRT-I_400 nM Atto 488 CHMP6/Captured.nd2-output,(series 1).tif,1024,False,0,0,0.200195,159.9671248700538,<puncta_detect_util.Puncta object at 0x7f74e6d9db50>,0.929688,0.168457,0.121094,0.200195,True,1,False,True,<puncta_detect_util.Puncta object at 0x7f750901d310>,True,10252.290306286428,0.0,1.0,0.0,False
/mount/local5/chenxi/puncta-detection/data/02-18-2022/69.5_ DOPC_30_ DOPS_0.5_ Atto/200 nM Dark ALG2_50 nM Cy3 ESCRT-I_400 nM Atto 488 CHMP6/Captured 4.nd2-output,(series 1).tif,1024,False,0,0,0.0722656,252.62948297080584,<puncta_detect_util.Puncta object at 0x7f74e6e44790>,0.0209961,0.212891,0.0419922,0.0722656,True,1,False,True,<puncta_detect_util.Puncta object at 0x7f74e6e44b10>,True,6153.674426229509,0.0,1.0,0.0,False
/mount/local5/chenxi/puncta-detection/data/02-18-2022/69.5_ DOPC_30_ DOPS_0.5_ Atto/200 nM Dark ALG2_50 nM Cy3 ESCRT-I_400 nM Atto 488 CHMP6/Captured 4.nd2-output,(series 1).tif,1024,False,0,0,0.105469,242.22934980819127,<puncta_detect_util.Puncta object at 0x7f74e6e44990>,0.134766,0.13916,0.105469,0.104492,True,1,False,True,<puncta_detect_util.Puncta object at 0x7f7508fce850>,True,5689.643865899261,0.0,2.0,0.0,True
/mount/local5/chenxi/puncta-detection/data/02-18-2022/69.5_ DOPC_30_ DOPS_0.5_ Atto/200 nM Dark ALG2_50 nM Cy3 ESCRT-I_400 nM Atto 488 CHMP6/Captured 4.nd2-output,(series 1).tif,1024,False,0,0,0.0927734,321.1274394097609,<puncta_detect_util.Puncta object at 0x7f74e6e44310>,0.506348,0.87207,0.0927734,0.0917969,True,1,False,True,<puncta_detect_util.Puncta object at 0x7f74e6e49390>,True,17376.160441150783,0.0,1.0,0.0,True
/mount/local5/chenxi/puncta-detection/data/02-18-2022/69.5_ DOPC_30_ DOPS_0.5_ Atto/200 nM Dark ALG2_50 nM Cy3 ESCRT-I_400 nM Atto 488 CHMP6/Captured 4.nd2-output,(series 1).tif,1024,False,0,0,0.162109,253.14301642255577,<puncta_detect_util.Puncta object at 0x7f74e6e44210>,0.805664,0.790527,0.162109,0.157227,True,1,False,True,<puncta_detect_util.Puncta object at 0x7f74e6e445d0>,True,6349.869065915396,0.0,4.0,0.0,True
/mount/local5/chenxi/puncta-detection/data/02-18-2022/69.5_ DOPC_30_ DOPS_0.5_ Atto/200 nM Dark ALG2_50 nM Cy3 ESCRT-I_400 nM Atto 488 CHMP6/Captured 20.nd2-output,(series 1).tif,1024,False,0,0,0.0986328,327.0172589512281,<puncta_detect_util.Puncta object at 0x7f7508ff40d0>,0.0107422,0.279785,0.0214844,0.0986328,True,1,False,True,<puncta_detect_util.Puncta object at 0x7f750901df10>,True,10382.936070550062,0.0,1.0,0.0,False
/mount/local5/chenxi/puncta-detection/data/02-18-2022/69.5_ DOPC_30_ DOPS_0.5_ Atto/200 nM Dark ALG2_50 nM Cy3 ESCRT-I_400 nM Atto 488 CHMP6/Captured 20.nd2-output,(series 1).tif,1024,False,0,0,0.105469,236.5947453844592,<puncta_detect_util.Puncta object at 0x7f7508ff41d0>,0.148438,0.168457,0.105469,0.104492,True,1,False,True,<puncta_detect_util.Puncta object at 0x7f74e6e44b50>,True,13327.278284138001,0.0,2.0,0.0,True
/mount/local5/chenxi/puncta-detection/data/02-18-2022/69.5_ DOPC_30_ DOPS_0.5_ Atto/200 nM Dark ALG2_50 nM Cy3 ESCRT-I_400 nM Atto 488 CHMP6/Captured 20.nd2-output,(series 1).tif,1024,False,0,0,0.0712891,379.47743644955153,<puncta_detect_util.Puncta object at 0x7f7508ff4610>,0.243652,0.355469,0.0712891,0.0703125,True,1,False,True,<puncta_detect_util.Puncta object at 0x7f750901d8d0>,True,21020.922292971518,0.0,4.0,0.0,True
/mount/local5/chenxi/puncta-detection/data/02-18-2022/69.5_ DOPC_30_ DOPS_0.5_ Atto/200 nM Dark ALG2_50 nM Cy3 ESCRT-I_400 nM Atto 488 CHMP6/Captured 20.nd2-output,(series 1).tif,1024,False,0,0,0.0673828,314.9414404905083,<puncta_detect_util.Puncta object at 0x7f75090adf90>,0.274902,0.251953,0.0673828,0.0664062,True,1,False,True,<puncta_detect_util.Puncta object at 0x7f74e6e44d10>,True,16966.985290884688,0.0,4.0,0.0,True
/mount/local5/chenxi/puncta-detection/data/02-18-2022/69.5_ DOPC_30_ DOPS_0.5_ Atto/200 nM Dark ALG2_50 nM Cy3 ESCRT-I_400 nM Atto 488 CHMP6/Captured 20.nd2-output,(series 1).tif,1024,False,0,0,0.0654297,257.16037367764966,<puncta_detect_util.Puncta object at 0x7f7508ff4510>,0.275879,0.0932617,0.0654297,0.0654297,True,1,False,True,<puncta_detect_util.Puncta object at 0x7f74e6e44610>,True,21102.989773803452,0.0,1.0,0.0,True
/mount/local5/chenxi/puncta-detection/data/02-18-2022/69.5_ DOPC_30_ DOPS_0.5_ Atto/200 nM Dark ALG2_50 nM Cy3 ESCRT-I_400 nM Atto 488 CHMP6/Captured 20.nd2-output,(series 1).tif,1024,False,0,0,0.0664062,318.3011196654825,<puncta_detect_util.Puncta object at 0x7f7508ff4b10>,0.34375,0.251953,0.0664062,0.0664062,True,1,False,True,<puncta_detect_util.Puncta object at 0x7f750901d810>,True,19900.13334901223,0.0,3.0,0.0,True
/mount/local5/chenxi/puncta-detection/data/02-18-2022/69.5_ DOPC_30_ DOPS_0.5_ Atto/200 nM Dark ALG2_50 nM Cy3 ESCRT-I_400 nM Atto 488 CHMP6/Captured 20.nd2-output,(series 1).tif,1024,False,0,0,0.0507812,506.4487900045074,<puncta_detect_util.Puncta object at 0x7f7508ff4b90>,0.351562,0.467285,0.0507812,0.0478516,True,1,False,True,<puncta_detect_util.Puncta object at 0x7f750901d510>,True,15313.007861635218,0.0,1.0,0.0,True
/mount/local5/chenxi/puncta-detection/data/02-18-2022/69.5_ DOPC_30_ DOPS_0.5_ Atto/200 nM Dark ALG2_50 nM Cy3 ESCRT-I_400 nM Atto 488 CHMP6/Captured 20.nd2-output,(series 1).tif,1024,False,0,0,0.134766,345.12440626216494,<puncta_detect_util.Puncta object at 0x7f75090adcd0>,0.643555,0.831055,0.134766,0.123047,True,1,True,True,<puncta_detect_util.Puncta object at 0x7f750901dc10>,True,19197.314278729515,0.5,2.0,0.5,True
/mount/local5/chenxi/puncta-detection/data/02-18-2022/69.5_ DOPC_30_ DOPS_0.5_ Atto/200 nM Dark ALG2_50 nM Cy3 ESCRT-I_400 nM Atto 488 CHMP6/Captured 20.nd2-output,(series 1).tif,1024,False,0,0,0.0546875,46.38143045313245,<puncta_detect_util.Puncta object at 0x7f7508ff4210>,0.730469,0.666016,0.0546875,0.0546875,True,1,False,False,<puncta_detect_util.Puncta object at 0x7f74e6e44f50>,True,105.63515278832074,,,,True
/mount/local5/chenxi/puncta-detection/data/02-18-2022/69.5_ DOPC_30_ DOPS_0.5_ Atto/200 nM Dark ALG2_50 nM Cy3 ESCRT-I_400 nM Atto 488 CHMP6/Captured 20.nd2-output,(series 1).tif,1024,False,0,0,0.0546875,380.2244948034422,<puncta_detect_util.Puncta object at 0x7f7508ff4d50>,0.984863,0.376953,0.0302734,0.0546875,True,1,False,False,<puncta_detect_util.Puncta object at 0x7f74e6e44bd0>,True,15.74821771743791,,,,False
/mount/local5/chenxi/puncta-detection/data/02-18-2022/69.5_ DOPC_30_ DOPS_0.5_ Atto/200 nM Dark ALG2_50 nM Cy3 ESCRT-I_400 nM Atto 488 CHMP6/Captured 10.nd2-output,(series 1).tif,1024,False,0,0,0.108398,192.33791503489738,<puncta_detect_util.Puncta object at 0x7f750901dd50>,0.452637,0.501953,0.108398,0.105469,True,1,False,True,<puncta_detect_util.Puncta object at 0x7f750901d2d0>,True,16252.03160762695,0.0,3.0,0.0,True
/mount/local5/chenxi/puncta-detection/data/02-18-2022/69.5_ DOPC_30_ DOPS_0.5_ Atto/200 nM Dark ALG2_50 nM Cy3 ESCRT-I_400 nM Atto 488 CHMP6/Captured 10.nd2-output,(series 1).tif,1024,False,0,0,0.0625,336.1150714421283,<puncta_detect_util.Puncta object at 0x7f750901d550>,0.533203,0.48877,0.0625,0.0615234,True,1,False,True,<puncta_detect_util.Puncta object at 0x7f74e6e49d90>,True,19004.706359506814,0.0,3.0,0.0,True
/mount/local5/chenxi/puncta-detection/data/02-18-2022/69.5_ DOPC_30_ DOPS_0.5_ Atto/200 nM Dark ALG2_50 nM Cy3 ESCRT-I_400 nM Atto 488 CHMP6/Captured 10.nd2-output,(series 1).tif,1024,False,0,0,0.0849609,263.12114010429787,<puncta_detect_util.Puncta object at 0x7f74e6e44c90>,0.586426,0.536133,0.0849609,0.0839844,True,1,False,True,<puncta_detect_util.Puncta object at 0x7f74e6e44350>,True,21981.665407833065,0.0,1.0,0.0,True
