folder,file name,image size,adjacent,initial frame,equatorial frame,equatorial size,value 0 ch0,value 1 ch0,value 2 ch0,value 3 ch0,value 4 ch0,value 5 ch0,value 6 ch0,value 7 ch0,value 8 ch0,value 9 ch0,value 10 ch0,value 11 ch0,value 12 ch0,value 13 ch0,value 14 ch0,value 15 ch0,value 16 ch0,value 17 ch0,value 18 ch0,value 19 ch0,value 20 ch0,value 21 ch0,value 22 ch0,value 23 ch0,value 24 ch0,value 25 ch0,value 26 ch0,puncta 0 ch0,puncta 1 ch0,puncta 2 ch0,puncta 3 ch0,puncta 4 ch0,puncta 5 ch0,puncta 6 ch0,puncta 7 ch0,puncta 8 ch0,puncta 9 ch0,puncta 10 ch0,puncta 11 ch0,puncta 12 ch0,puncta 13 ch0,puncta 14 ch0,puncta 15 ch0,puncta 16 ch0,puncta 17 ch0,puncta 18 ch0,puncta 19 ch0,puncta 20 ch0,puncta 21 ch0,puncta 22 ch0,puncta 23 ch0,puncta 24 ch0,puncta 25 ch0,puncta 26 ch0,x 0,x 1,x 2,x 3,x 4,x 5,x 6,x 7,x 8,x 9,x 10,x 11,x 12,x 13,x 14,x 15,x 16,x 17,x 18,x 19,x 20,x 21,x 22,x 23,x 24,x 25,x 26,y 0,y 1,y 2,y 3,y 4,y 5,y 6,y 7,y 8,y 9,y 10,y 11,y 12,y 13,y 14,y 15,y 16,y 17,y 18,y 19,y 20,y 21,y 22,y 23,y 24,y 25,y 26,w 0,w 1,w 2,w 3,w 4,w 5,w 6,w 7,w 8,w 9,w 10,w 11,w 12,w 13,w 14,w 15,w 16,w 17,w 18,w 19,w 20,w 21,w 22,w 23,w 24,w 25,w 26,h 0,h 1,h 2,h 3,h 4,h 5,h 6,h 7,h 8,h 9,h 10,h 11,h 12,h 13,h 14,h 15,h 16,h 17,h 18,h 19,h 20,h 21,h 22,h 23,h 24,h 25,h 26,quality ch0,num frame,new punctate ch0,new punctate ch1,puncta 0 ch1,puncta 1 ch1,puncta 10 ch1,puncta 11 ch1,puncta 12 ch1,puncta 13 ch1,puncta 14 ch1,puncta 15 ch1,puncta 16 ch1,puncta 17 ch1,puncta 18 ch1,puncta 19 ch1,puncta 2 ch1,puncta 20 ch1,puncta 21 ch1,puncta 22 ch1,puncta 23 ch1,puncta 24 ch1,puncta 25 ch1,puncta 26 ch1,puncta 3 ch1,puncta 4 ch1,puncta 5 ch1,puncta 6 ch1,puncta 7 ch1,puncta 8 ch1,puncta 9 ch1,quality ch1,value 0 ch1,value 1 ch1,value 10 ch1,value 11 ch1,value 12 ch1,value 13 ch1,value 14 ch1,value 15 ch1,value 16 ch1,value 17 ch1,value 18 ch1,value 19 ch1,value 2 ch1,value 20 ch1,value 21 ch1,value 22 ch1,value 23 ch1,value 24 ch1,value 25 ch1,value 26 ch1,value 3 ch1,value 4 ch1,value 5 ch1,value 6 ch1,value 7 ch1,value 8 ch1,value 9 ch1,colocalization ch0 ch1,colocalization weight ch0 ch1,new colocalization ch0 ch1,square quality
/mount/local5/chenxi/puncta-detection/data/02-13-2022/69.5_ DOPC_30_ DOPS_0.5_ Atto/200 nM Cy3_ESCRT-I/Captured001.nd2-output,(series 1).tif,1024,False,0,2,0.0683594,33.8543316611067,5.524768191896783,-4.982184873949336,28.582895938899128,8.026333789329783,15.7433644189382,31.06523493543773,29.985310421286158,22.846153846154266,30.771153056100502,22.954583333333176,32.25826465852015,,,,,,,,,,,,,,,,<puncta_detect_util.Puncta object at 0x7f102e65ba10>,<puncta_detect_util.Puncta object at 0x7f102e65b150>,<puncta_detect_util.Puncta object at 0x7f102e65a710>,<puncta_detect_util.Puncta object at 0x7f102e65a350>,<puncta_detect_util.Puncta object at 0x7f10371b9850>,<puncta_detect_util.Puncta object at 0x7f10371a74d0>,<puncta_detect_util.Puncta object at 0x7f102e644790>,<puncta_detect_util.Puncta object at 0x7f102e644950>,<puncta_detect_util.Puncta object at 0x7f10371b9c10>,<puncta_detect_util.Puncta object at 0x7f10371a7a10>,<puncta_detect_util.Puncta object at 0x7f10371b9090>,<puncta_detect_util.Puncta object at 0x7f10371b9910>,<puncta_detect_util.Puncta object at 0x7f102e65b690>,<puncta_detect_util.Puncta object at 0x7f102e671150>,<puncta_detect_util.Puncta object at 0x7f102e671890>,<puncta_detect_util.Puncta object at 0x7f1036fd92d0>,<puncta_detect_util.Puncta object at 0x7f1036fd9890>,<puncta_detect_util.Puncta object at 0x7f102e65ae90>,<puncta_detect_util.Puncta object at 0x7f1036fd9cd0>,<puncta_detect_util.Puncta object at 0x7f102e644f50>,<puncta_detect_util.Puncta object at 0x7f102e644990>,<puncta_detect_util.Puncta object at 0x7f102e64eb90>,<puncta_detect_util.Puncta object at 0x7f102e64ef10>,<puncta_detect_util.Puncta object at 0x7f102e64eb50>,<puncta_detect_util.Puncta object at 0x7f1036fd32d0>,<puncta_detect_util.Puncta object at 0x7f1036fd3f90>,<puncta_detect_util.Puncta object at 0x7f1036fd3f50>,0.0224609,0.0224609,0.0224609,0.0224609,0.0224609,0.0219727,0.0214844,0.0209961,0.0205078,0.0195312,0.0195312,0.0185547,,,,,,,,,,,,,,,,0.844727,0.844727,0.844727,0.845215,0.845215,0.845703,0.845215,0.844727,0.845215,0.845703,0.844727,0.845215,,,,,,,,,,,,,,,,0.0449219,0.0449219,0.0449219,0.0449219,0.0449219,0.0439453,0.0429688,0.0419922,0.0410156,0.0390625,0.0390625,0.0371094,,,,,,,,,,,,,,,,0.0683594,0.0683594,0.0683594,0.0673828,0.0673828,0.0664062,0.0654297,0.0644531,0.0634766,0.0625,0.0566406,0.0537109,,,,,,,,,,,,,,,,True,27,False,True,<puncta_detect_util.Puncta object at 0x7f102e64b050>,<puncta_detect_util.Puncta object at 0x7f1036fc7150>,<puncta_detect_util.Puncta object at 0x7f1037025750>,<puncta_detect_util.Puncta object at 0x7f10371c0810>,<puncta_detect_util.Puncta object at 0x7f10371c0210>,<puncta_detect_util.Puncta object at 0x7f1037218210>,<puncta_detect_util.Puncta object at 0x7f102e614410>,<puncta_detect_util.Puncta object at 0x7f1037127310>,<puncta_detect_util.Puncta object at 0x7f1037127ad0>,<puncta_detect_util.Puncta object at 0x7f1037024c10>,<puncta_detect_util.Puncta object at 0x7f1037024a90>,<puncta_detect_util.Puncta object at 0x7f1036ffe390>,<puncta_detect_util.Puncta object at 0x7f1036fc7c10>,<puncta_detect_util.Puncta object at 0x7f1036ffea90>,<puncta_detect_util.Puncta object at 0x7f103707fbd0>,<puncta_detect_util.Puncta object at 0x7f103707f390>,<puncta_detect_util.Puncta object at 0x7f1037262910>,<puncta_detect_util.Puncta object at 0x7f10370f5c10>,<puncta_detect_util.Puncta object at 0x7f10370f5a50>,<puncta_detect_util.Puncta object at 0x7f10370f56d0>,<puncta_detect_util.Puncta object at 0x7f10371accd0>,<puncta_detect_util.Puncta object at 0x7f10371c02d0>,<puncta_detect_util.Puncta object at 0x7f103704be50>,<puncta_detect_util.Puncta object at 0x7f103704b950>,<puncta_detect_util.Puncta object at 0x7f103704b8d0>,<puncta_detect_util.Puncta object at 0x7f10371c0910>,<puncta_detect_util.Puncta object at 0x7f1037025310>,True,767.8604245434799,688.0714776922018,585.3908329199644,1135.2637791151765,,,,,,,,,699.5114142897633,,,,,,,,687.6617962042114,720.3101056784553,735.9373071584769,720.4449822904367,752.9813879904377,1846.7922708769397,674.5343084060705,0.0,2.0,0.0,False
/mount/local5/chenxi/puncta-detection/data/02-13-2022/69.5_ DOPC_30_ DOPS_0.5_ Atto/200 nM Cy3_ESCRT-I/Captured001.nd2-output,(series 1).tif,1024,False,0,0,0.0419922,39.87160387719041,5.745430622009735,34.944482906070334,40.61928215353919,,,,,,,,,,,,,,,,,,,,,,,,<puncta_detect_util.Puncta object at 0x7f102e65be10>,<puncta_detect_util.Puncta object at 0x7f102e65b390>,<puncta_detect_util.Puncta object at 0x7f102e65ae50>,<puncta_detect_util.Puncta object at 0x7f102e65a890>,<puncta_detect_util.Puncta object at 0x7f10371b9410>,<puncta_detect_util.Puncta object at 0x7f10371a7190>,<puncta_detect_util.Puncta object at 0x7f102e644750>,<puncta_detect_util.Puncta object at 0x7f102e644e10>,<puncta_detect_util.Puncta object at 0x7f10371b95d0>,<puncta_detect_util.Puncta object at 0x7f10371a76d0>,<puncta_detect_util.Puncta object at 0x7f10371b9390>,<puncta_detect_util.Puncta object at 0x7f10371b98d0>,<puncta_detect_util.Puncta object at 0x7f102e65bf90>,<puncta_detect_util.Puncta object at 0x7f102e671d10>,<puncta_detect_util.Puncta object at 0x7f102e65b5d0>,<puncta_detect_util.Puncta object at 0x7f1036fd9b50>,<puncta_detect_util.Puncta object at 0x7f1036fd9650>,<puncta_detect_util.Puncta object at 0x7f102e65a390>,<puncta_detect_util.Puncta object at 0x7f102e65ad10>,<puncta_detect_util.Puncta object at 0x7f102e644610>,<puncta_detect_util.Puncta object at 0x7f102e644d10>,<puncta_detect_util.Puncta object at 0x7f102e64e810>,<puncta_detect_util.Puncta object at 0x7f102e64e090>,<puncta_detect_util.Puncta object at 0x7f102e64e950>,<puncta_detect_util.Puncta object at 0x7f1036fd37d0>,<puncta_detect_util.Puncta object at 0x7f1036fd3390>,<puncta_detect_util.Puncta object at 0x7f1036fd3110>,0.0239258,0.0239258,0.0234375,0.0239258,,,,,,,,,,,,,,,,,,,,,,,,0.19043,0.19043,0.189453,0.189453,,,,,,,,,,,,,,,,,,,,,,,,0.0419922,0.0400391,0.0390625,0.0380859,,,,,,,,,,,,,,,,,,,,,,,,0.0410156,0.0410156,0.0390625,0.0390625,,,,,,,,,,,,,,,,,,,,,,,,False,27,False,False,<puncta_detect_util.Puncta object at 0x7f1036fc7750>,<puncta_detect_util.Puncta object at 0x7f1036fc7310>,<puncta_detect_util.Puncta object at 0x7f1037025110>,<puncta_detect_util.Puncta object at 0x7f1037025490>,<puncta_detect_util.Puncta object at 0x7f1037218790>,<puncta_detect_util.Puncta object at 0x7f102e614e90>,<puncta_detect_util.Puncta object at 0x7f102e614490>,<puncta_detect_util.Puncta object at 0x7f10371278d0>,<puncta_detect_util.Puncta object at 0x7f1037127190>,<puncta_detect_util.Puncta object at 0x7f1037024990>,<puncta_detect_util.Puncta object at 0x7f1036ffedd0>,<puncta_detect_util.Puncta object at 0x7f108c15a410>,<puncta_detect_util.Puncta object at 0x7f1036fc7050>,<puncta_detect_util.Puncta object at 0x7f1036ffe310>,<puncta_detect_util.Puncta object at 0x7f103707f510>,<puncta_detect_util.Puncta object at 0x7f103707f550>,<puncta_detect_util.Puncta object at 0x7f103707fed0>,<puncta_detect_util.Puncta object at 0x7f10370f5d10>,<puncta_detect_util.Puncta object at 0x7f0fc8b93d10>,<puncta_detect_util.Puncta object at 0x7f102e51e7d0>,<puncta_detect_util.Puncta object at 0x7f1036fc7a10>,<puncta_detect_util.Puncta object at 0x7f1037025350>,<puncta_detect_util.Puncta object at 0x7f103704b750>,<puncta_detect_util.Puncta object at 0x7f103704b910>,<puncta_detect_util.Puncta object at 0x7f102e6140d0>,<puncta_detect_util.Puncta object at 0x7f1037025e50>,<puncta_detect_util.Puncta object at 0x7f1037025790>,False,882.1230312218181,925.7626046941486,,,,,,,,,,,836.9637379958372,,,,,,,,781.5129078014184,,,,,,,,,,True
/mount/local5/chenxi/puncta-detection/data/02-13-2022/69.5_ DOPC_30_ DOPS_0.5_ Atto/200 nM Cy3_ESCRT-I/Captured001.nd2-output,(series 1).tif,1024,False,0,1,0.0566406,20.718649339594776,14.750140295050642,-28.721401332180903,9.805019792807343,16.70617713754109,24.47651187542533,58.33855271366201,11.625888324873358,,,,,,,,,,,,,,,,,,,,<puncta_detect_util.Puncta object at 0x7f102e65bed0>,<puncta_detect_util.Puncta object at 0x7f102e65b450>,<puncta_detect_util.Puncta object at 0x7f102e65a1d0>,<puncta_detect_util.Puncta object at 0x7f102e65a3d0>,<puncta_detect_util.Puncta object at 0x7f10371a7e10>,<puncta_detect_util.Puncta object at 0x7f10371a7550>,<puncta_detect_util.Puncta object at 0x7f102e6442d0>,<puncta_detect_util.Puncta object at 0x7f102e644390>,<puncta_detect_util.Puncta object at 0x7f10371a7150>,<puncta_detect_util.Puncta object at 0x7f10371a7750>,<puncta_detect_util.Puncta object at 0x7f10371b99d0>,<puncta_detect_util.Puncta object at 0x7f10371b9e90>,<puncta_detect_util.Puncta object at 0x7f102e671bd0>,<puncta_detect_util.Puncta object at 0x7f102e6711d0>,<puncta_detect_util.Puncta object at 0x7f102e671c90>,<puncta_detect_util.Puncta object at 0x7f1036fd9dd0>,<puncta_detect_util.Puncta object at 0x7f1036fd9510>,<puncta_detect_util.Puncta object at 0x7f102e65a810>,<puncta_detect_util.Puncta object at 0x7f102e65a590>,<puncta_detect_util.Puncta object at 0x7f102e644190>,<puncta_detect_util.Puncta object at 0x7f102e64e910>,<puncta_detect_util.Puncta object at 0x7f102e64e3d0>,<puncta_detect_util.Puncta object at 0x7f102e64ec50>,<puncta_detect_util.Puncta object at 0x7f102e64ef90>,<puncta_detect_util.Puncta object at 0x7f1036fd36d0>,<puncta_detect_util.Puncta object at 0x7f1036fd3810>,<puncta_detect_util.Puncta object at 0x7f1036fd3b10>,0.0258789,0.0258789,0.0258789,0.0253906,0.0258789,0.0258789,0.0253906,0.0249023,,,,,,,,,,,,,,,,,,,,0.767578,0.767578,0.767578,0.768066,0.767578,0.767578,0.766602,0.767578,,,,,,,,,,,,,,,,,,,,0.0517578,0.0517578,0.0517578,0.0507812,0.0498047,0.0498047,0.0488281,0.0439453,,,,,,,,,,,,,,,,,,,,0.0546875,0.0566406,0.0546875,0.0537109,0.0527344,0.0507812,0.0488281,0.0449219,,,,,,,,,,,,,,,,,,,,True,27,False,True,<puncta_detect_util.Puncta object at 0x7f102e64bad0>,<puncta_detect_util.Puncta object at 0x7f1036fc74d0>,<puncta_detect_util.Puncta object at 0x7f1037025450>,<puncta_detect_util.Puncta object at 0x7f10371c0c10>,<puncta_detect_util.Puncta object at 0x7f10371c04d0>,<puncta_detect_util.Puncta object at 0x7f1037218810>,<puncta_detect_util.Puncta object at 0x7f102e614f90>,<puncta_detect_util.Puncta object at 0x7f10371277d0>,<puncta_detect_util.Puncta object at 0x7f1037127d10>,<puncta_detect_util.Puncta object at 0x7f1037024710>,<puncta_detect_util.Puncta object at 0x7f1037024c90>,<puncta_detect_util.Puncta object at 0x7f1036ffe110>,<puncta_detect_util.Puncta object at 0x7f1036fc7dd0>,<puncta_detect_util.Puncta object at 0x7f1036ffe510>,<puncta_detect_util.Puncta object at 0x7f103707ffd0>,<puncta_detect_util.Puncta object at 0x7f103707f450>,<puncta_detect_util.Puncta object at 0x7f103707f810>,<puncta_detect_util.Puncta object at 0x7f10370f52d0>,<puncta_detect_util.Puncta object at 0x7f10370f5410>,<puncta_detect_util.Puncta object at 0x7f10370f5ed0>,<puncta_detect_util.Puncta object at 0x7f10371ac210>,<puncta_detect_util.Puncta object at 0x7f10371c0b10>,<puncta_detect_util.Puncta object at 0x7f103704b850>,<puncta_detect_util.Puncta object at 0x7f103704b3d0>,<puncta_detect_util.Puncta object at 0x7f103704bb50>,<puncta_detect_util.Puncta object at 0x7f103704b990>,<puncta_detect_util.Puncta object at 0x7f1037025290>,True,1743.546052551288,1589.3489176403218,,,,,,,,,,,732.2349254559322,,,,,,,,784.6816087598227,842.8722213124147,18366.81828434723,19052.544987553745,18442.21188613759,,,0.0,5.0,0.0,True
/mount/local5/chenxi/puncta-detection/data/02-13-2022/69.5_ DOPC_30_ DOPS_0.5_ Atto/200 nM Cy3_ESCRT-I/Captured001.nd2-output,(series 1).tif,1024,False,0,8,0.0566406,31.054332683198936,2.568565118458082,2.693513045985128,47.45371488976161,56.812393739154686,34.25523262269553,-16.874590514171814,-15.277939698492446,50.24062459672177,40.12854030501103,-37.38607843137288,,,,,,,,,,,,,,,,,<puncta_detect_util.Puncta object at 0x7f102e65be50>,<puncta_detect_util.Puncta object at 0x7f108c157a10>,<puncta_detect_util.Puncta object at 0x7f102e65bf50>,<puncta_detect_util.Puncta object at 0x7f102e65ad90>,<puncta_detect_util.Puncta object at 0x7f102e65a650>,<puncta_detect_util.Puncta object at 0x7f10371a7250>,<puncta_detect_util.Puncta object at 0x7f102e644050>,<puncta_detect_util.Puncta object at 0x7f102e644590>,<puncta_detect_util.Puncta object at 0x7f102e65a050>,<puncta_detect_util.Puncta object at 0x7f10371a7f50>,<puncta_detect_util.Puncta object at 0x7f10371b9590>,<puncta_detect_util.Puncta object at 0x7f10371b9710>,<puncta_detect_util.Puncta object at 0x7f102e65b550>,<puncta_detect_util.Puncta object at 0x7f102e671350>,<puncta_detect_util.Puncta object at 0x7f102e671790>,<puncta_detect_util.Puncta object at 0x7f1036fd9f10>,<puncta_detect_util.Puncta object at 0x7f1036fd9ed0>,<puncta_detect_util.Puncta object at 0x7f102e671a90>,<puncta_detect_util.Puncta object at 0x7f102e65afd0>,<puncta_detect_util.Puncta object at 0x7f102e644250>,<puncta_detect_util.Puncta object at 0x7f102e644110>,<puncta_detect_util.Puncta object at 0x7f102e64e310>,<puncta_detect_util.Puncta object at 0x7f102e64e150>,<puncta_detect_util.Puncta object at 0x7f102e64e8d0>,<puncta_detect_util.Puncta object at 0x7f102e64e550>,<puncta_detect_util.Puncta object at 0x7f1036fd3790>,<puncta_detect_util.Puncta object at 0x7f1036fd3d10>,0.128418,0.12793,0.12793,0.127441,0.12793,0.127441,0.128418,0.128418,0.12793,0.128906,0.128418,,,,,,,,,,,,,,,,,0.00927734,0.00927734,0.00976562,0.00976562,0.00976562,0.0102539,0.00976562,0.00976562,0.00878906,0.00830078,0.0078125,,,,,,,,,,,,,,,,,0.0517578,0.0527344,0.0527344,0.0498047,0.0527344,0.0537109,0.0537109,0.0537109,0.0566406,0.0546875,0.0537109,,,,,,,,,,,,,,,,,0.0185547,0.0185547,0.0195312,0.0195312,0.0195312,0.0205078,0.0195312,0.0195312,0.0175781,0.0166016,0.015625,,,,,,,,,,,,,,,,,True,27,False,True,<puncta_detect_util.Puncta object at 0x7f102e644650>,<puncta_detect_util.Puncta object at 0x7f102e671910>,<puncta_detect_util.Puncta object at 0x7f103704b0d0>,<puncta_detect_util.Puncta object at 0x7f10371c0e90>,<puncta_detect_util.Puncta object at 0x7f1036fd3850>,<puncta_detect_util.Puncta object at 0x7f10371c0c50>,<puncta_detect_util.Puncta object at 0x7f10371ac890>,<puncta_detect_util.Puncta object at 0x7f102e614710>,<puncta_detect_util.Puncta object at 0x7f108c00a3d0>,<puncta_detect_util.Puncta object at 0x7f1037127cd0>,<puncta_detect_util.Puncta object at 0x7f1037127410>,<puncta_detect_util.Puncta object at 0x7f1083f773d0>,<puncta_detect_util.Puncta object at 0x7f1036fc7e10>,<puncta_detect_util.Puncta object at 0x7f10f1baf410>,<puncta_detect_util.Puncta object at 0x7f108c0079d0>,<puncta_detect_util.Puncta object at 0x7f108c00a590>,<puncta_detect_util.Puncta object at 0x7f103707f9d0>,<puncta_detect_util.Puncta object at 0x7f108c037410>,<puncta_detect_util.Puncta object at 0x7f103707fe10>,<puncta_detect_util.Puncta object at 0x7f10370f5850>,<puncta_detect_util.Puncta object at 0x7f1036fc7b90>,<puncta_detect_util.Puncta object at 0x7f108c016850>,<puncta_detect_util.Puncta object at 0x7f10371ac190>,<puncta_detect_util.Puncta object at 0x7f103704b550>,<puncta_detect_util.Puncta object at 0x7f103704bdd0>,<puncta_detect_util.Puncta object at 0x7f103704bcd0>,<puncta_detect_util.Puncta object at 0x7f103704bd10>,True,951.6235930921903,902.7133017247816,567.8525641025644,,,,,,,,,,1133.5643203110062,,,,,,,,1841.2479678927043,15176.603904665315,9367.893011964625,1259.645234955061,1101.6326788477645,1122.8334283104032,706.3243900263169,0.0,4.0,0.0,False
/mount/local5/chenxi/puncta-detection/data/02-13-2022/69.5_ DOPC_30_ DOPS_0.5_ Atto/200 nM Cy3_ESCRT-I/Captured001.nd2-output,(series 1).tif,1024,False,0,0,0.0488281,245.0507822619802,19.300676349138485,34.6251510925149,36.089471052371664,16.1430167597764,43.32553894544435,28.380455896927288,43.09103557398521,,,,,,,,,,,,,,,,,,,,<puncta_detect_util.Puncta object at 0x7f102e65b310>,<puncta_detect_util.Puncta object at 0x7f102e65b0d0>,<puncta_detect_util.Puncta object at 0x7f102e65b750>,<puncta_detect_util.Puncta object at 0x7f102e65aed0>,<puncta_detect_util.Puncta object at 0x7f102e65a8d0>,<puncta_detect_util.Puncta object at 0x7f10371a77d0>,<puncta_detect_util.Puncta object at 0x7f102e644ad0>,<puncta_detect_util.Puncta object at 0x7f102e644c50>,<puncta_detect_util.Puncta object at 0x7f10371b9b10>,<puncta_detect_util.Puncta object at 0x7f10371a7050>,<puncta_detect_util.Puncta object at 0x7f10371b9c90>,<puncta_detect_util.Puncta object at 0x7f10371b9e10>,<puncta_detect_util.Puncta object at 0x7f102e65b8d0>,<puncta_detect_util.Puncta object at 0x7f102e671290>,<puncta_detect_util.Puncta object at 0x7f102e671b50>,<puncta_detect_util.Puncta object at 0x7f1036fd9950>,<puncta_detect_util.Puncta object at 0x7f1036fd9a10>,<puncta_detect_util.Puncta object at 0x7f1036fd9d90>,<puncta_detect_util.Puncta object at 0x7f102e65af90>,<puncta_detect_util.Puncta object at 0x7f102e644cd0>,<puncta_detect_util.Puncta object at 0x7f102e644ed0>,<puncta_detect_util.Puncta object at 0x7f102e64ec90>,<puncta_detect_util.Puncta object at 0x7f102e64e850>,<puncta_detect_util.Puncta object at 0x7f102e64e2d0>,<puncta_detect_util.Puncta object at 0x7f102e64e190>,<puncta_detect_util.Puncta object at 0x7f1036fd3410>,<puncta_detect_util.Puncta object at 0x7f1036fd3750>,0.202148,0.20166,0.201172,0.202148,0.202148,0.20166,0.20166,0.20166,,,,,,,,,,,,,,,,,,,,0.274902,0.274902,0.274902,0.274902,0.274414,0.275391,0.275391,0.275879,,,,,,,,,,,,,,,,,,,,0.0488281,0.0478516,0.046875,0.046875,0.046875,0.0458984,0.0458984,0.0439453,,,,,,,,,,,,,,,,,,,,0.0478516,0.0478516,0.0458984,0.0458984,0.0449219,0.0429688,0.0429688,0.0419922,,,,,,,,,,,,,,,,,,,,True,27,False,True,<puncta_detect_util.Puncta object at 0x7f103719e390>,<puncta_detect_util.Puncta object at 0x7f1036fc7450>,<puncta_detect_util.Puncta object at 0x7f1037025650>,<puncta_detect_util.Puncta object at 0x7f10371c0990>,<puncta_detect_util.Puncta object at 0x7f10371c0750>,<puncta_detect_util.Puncta object at 0x7f1037218a10>,<puncta_detect_util.Puncta object at 0x7f102e614ed0>,<puncta_detect_util.Puncta object at 0x7f1037127a50>,<puncta_detect_util.Puncta object at 0x7f10371270d0>,<puncta_detect_util.Puncta object at 0x7f1037024790>,<puncta_detect_util.Puncta object at 0x7f10370247d0>,<puncta_detect_util.Puncta object at 0x7f1036ffe1d0>,<puncta_detect_util.Puncta object at 0x7f1036fc7fd0>,<puncta_detect_util.Puncta object at 0x7f1036ffe450>,<puncta_detect_util.Puncta object at 0x7f103707fc50>,<puncta_detect_util.Puncta object at 0x7f103707fd10>,<puncta_detect_util.Puncta object at 0x7f1037262a10>,<puncta_detect_util.Puncta object at 0x7f103707f3d0>,<puncta_detect_util.Puncta object at 0x7f10370f5ad0>,<puncta_detect_util.Puncta object at 0x7f10370f5150>,<puncta_detect_util.Puncta object at 0x7f10371ac350>,<puncta_detect_util.Puncta object at 0x7f10371c0590>,<puncta_detect_util.Puncta object at 0x7f103704b5d0>,<puncta_detect_util.Puncta object at 0x7f103704bd50>,<puncta_detect_util.Puncta object at 0x7f10371acb10>,<puncta_detect_util.Puncta object at 0x7f10371c0f90>,<puncta_detect_util.Puncta object at 0x7f1037025610>,True,15129.664705882353,1647.4967657558936,,,,,,,,,,,13728.34450169693,,,,,,,,1089.1620495495495,1053.634766379485,904.690071676725,1044.5163290083333,913.2203284262573,,,0.0,6.0,0.0,True
/mount/local5/chenxi/puncta-detection/data/02-13-2022/69.5_ DOPC_30_ DOPS_0.5_ Atto/200 nM Cy3_ESCRT-I/Captured001.nd2-output,(series 1).tif,1024,False,0,9,0.0820312,37.32347200821778,17.622968695803138,14.614402221412092,35.586718666972956,35.68475405154595,29.449566243056324,-2.9715036378333934,38.70303799723797,75.28469297557194,67.2939081019872,20.897731488444606,-14.185193363434792,48.68371415938782,14.90159133325642,24.544258773829824,2.6892163956749755,35.89709748135192,22.96756958838523,21.120702130051995,21.423095556346652,5.711594358437651,17.49993174868996,75.36626036870484,34.06025263652327,22.023460289787636,,,<puncta_detect_util.Puncta object at 0x7f102e65b2d0>,<puncta_detect_util.Puncta object at 0x7f102e65b090>,<puncta_detect_util.Puncta object at 0x7f102e65ad50>,<puncta_detect_util.Puncta object at 0x7f102e65a950>,<puncta_detect_util.Puncta object at 0x7f10371b9fd0>,<puncta_detect_util.Puncta object at 0x7f10371a71d0>,<puncta_detect_util.Puncta object at 0x7f102e644290>,<puncta_detect_util.Puncta object at 0x7f102e644690>,<puncta_detect_util.Puncta object at 0x7f10371b9dd0>,<puncta_detect_util.Puncta object at 0x7f10371a7d10>,<puncta_detect_util.Puncta object at 0x7f10371b9150>,<puncta_detect_util.Puncta object at 0x7f108c04af10>,<puncta_detect_util.Puncta object at 0x7f102e671250>,<puncta_detect_util.Puncta object at 0x7f102e671490>,<puncta_detect_util.Puncta object at 0x7f102e671110>,<puncta_detect_util.Puncta object at 0x7f1036fd96d0>,<puncta_detect_util.Puncta object at 0x7f1036fd9fd0>,<puncta_detect_util.Puncta object at 0x7f102e65a450>,<puncta_detect_util.Puncta object at 0x7f102e65a2d0>,<puncta_detect_util.Puncta object at 0x7f102e644b90>,<puncta_detect_util.Puncta object at 0x7f102e6443d0>,<puncta_detect_util.Puncta object at 0x7f102e64ee90>,<puncta_detect_util.Puncta object at 0x7f102e64e410>,<puncta_detect_util.Puncta object at 0x7f102e64e390>,<puncta_detect_util.Puncta object at 0x7f1036fd3e10>,<puncta_detect_util.Puncta object at 0x7f1036fd3a50>,<puncta_detect_util.Puncta object at 0x7f1036fd3290>,0.329102,0.329102,0.329102,0.328125,0.329102,0.328125,0.328613,0.328613,0.327637,0.327148,0.328125,0.327637,0.327637,0.327148,0.327637,0.327637,0.328125,0.327637,0.328125,0.328125,0.327637,0.327637,0.327637,0.327637,0.32666,,,0.074707,0.074707,0.0751953,0.0756836,0.074707,0.074707,0.074707,0.074707,0.074707,0.0751953,0.074707,0.0756836,0.0751953,0.0761719,0.0756836,0.0761719,0.0761719,0.0761719,0.0766602,0.0766602,0.0766602,0.0761719,0.0761719,0.0761719,0.0766602,,,0.0761719,0.0761719,0.0761719,0.078125,0.078125,0.078125,0.0791016,0.0791016,0.0791016,0.0820312,0.0800781,0.0791016,0.0791016,0.0761719,0.0771484,0.0751953,0.0742188,0.0732422,0.0703125,0.0703125,0.0693359,0.0673828,0.0634766,0.0615234,0.0576172,,,0.0751953,0.0751953,0.0761719,0.0771484,0.0771484,0.0771484,0.0771484,0.0791016,0.0791016,0.0800781,0.0810547,0.0791016,0.078125,0.0761719,0.0751953,0.0722656,0.0722656,0.0703125,0.0693359,0.0673828,0.0673828,0.0644531,0.0625,0.0605469,0.0556641,,,True,27,False,True,<puncta_detect_util.Puncta object at 0x7f102e64bc50>,<puncta_detect_util.Puncta object at 0x7f1036fc7090>,<puncta_detect_util.Puncta object at 0x7f1037025a50>,<puncta_detect_util.Puncta object at 0x7f10371c0610>,<puncta_detect_util.Puncta object at 0x7f1037218950>,<puncta_detect_util.Puncta object at 0x7f1037218090>,<puncta_detect_util.Puncta object at 0x7f102e614450>,<puncta_detect_util.Puncta object at 0x7f1037127050>,<puncta_detect_util.Puncta object at 0x7f1037127390>,<puncta_detect_util.Puncta object at 0x7f1037024ad0>,<puncta_detect_util.Puncta object at 0x7f1037024950>,<puncta_detect_util.Puncta object at 0x7f1036ffec50>,<puncta_detect_util.Puncta object at 0x7f102e64b550>,<puncta_detect_util.Puncta object at 0x7f1036ffe3d0>,<puncta_detect_util.Puncta object at 0x7f103707f990>,<puncta_detect_util.Puncta object at 0x7f103707f750>,<puncta_detect_util.Puncta object at 0x7f103707f890>,<puncta_detect_util.Puncta object at 0x7f10370f5750>,<puncta_detect_util.Puncta object at 0x7f10370f5550>,<puncta_detect_util.Puncta object at 0x7f10370f5c50>,<puncta_detect_util.Puncta object at 0x7f10371ac690>,<puncta_detect_util.Puncta object at 0x7f11179fea50>,<puncta_detect_util.Puncta object at 0x7f103704b490>,<puncta_detect_util.Puncta object at 0x7f103704b6d0>,<puncta_detect_util.Puncta object at 0x7f103704b410>,<puncta_detect_util.Puncta object at 0x7f10371c0e50>,<puncta_detect_util.Puncta object at 0x7f10370252d0>,True,9316.181378957339,13953.682581411125,765.5797445730454,7842.423846444781,768.7422402864536,18646.07272878335,858.6271323529413,3342.3904428904425,865.952603530256,700.0003866207139,727.9067406497579,814.1749662165871,4001.9468799293536,915.8055065627564,8982.840691981026,8697.919564477208,665.1729437874724,8439.761711729603,,,13817.918817999198,1071.0430056493715,884.6385565570072,972.1130578798616,1072.8660442270534,795.7784068647775,810.0996110173583,0.0,24.0,0.0,True
/mount/local5/chenxi/puncta-detection/data/02-13-2022/69.5_ DOPC_30_ DOPS_0.5_ Atto/200 nM Cy3_ESCRT-I/Captured001.nd2-output,(series 1).tif,1024,False,0,0,0.0458984,18.180458733704654,24.738840488983897,52.17680177025841,21.373368104947076,,,,,,,,,,,,,,,,,,,,,,,,<puncta_detect_util.Puncta object at 0x7f102e65b850>,<puncta_detect_util.Puncta object at 0x7f108c285150>,<puncta_detect_util.Puncta object at 0x7f102e65b210>,<puncta_detect_util.Puncta object at 0x7f102e65a090>,<puncta_detect_util.Puncta object at 0x7f10371b97d0>,<puncta_detect_util.Puncta object at 0x7f10371a7290>,<puncta_detect_util.Puncta object at 0x7f102e644890>,<puncta_detect_util.Puncta object at 0x7f102e6445d0>,<puncta_detect_util.Puncta object at 0x7f10371b9750>,<puncta_detect_util.Puncta object at 0x7f10371a7fd0>,<puncta_detect_util.Puncta object at 0x7f10371b9a10>,<puncta_detect_util.Puncta object at 0x7f10371b9f50>,<puncta_detect_util.Puncta object at 0x7f102e65bad0>,<puncta_detect_util.Puncta object at 0x7f102e671e90>,<puncta_detect_util.Puncta object at 0x7f102e671690>,<puncta_detect_util.Puncta object at 0x7f1036fd9610>,<puncta_detect_util.Puncta object at 0x7f1036fd97d0>,<puncta_detect_util.Puncta object at 0x7f1036fd9690>,<puncta_detect_util.Puncta object at 0x7f102e65a410>,<puncta_detect_util.Puncta object at 0x7f102e644f90>,<puncta_detect_util.Puncta object at 0x7f102e644a10>,<puncta_detect_util.Puncta object at 0x7f102e64e610>,<puncta_detect_util.Puncta object at 0x7f102e64eed0>,<puncta_detect_util.Puncta object at 0x7f102e64ec10>,<puncta_detect_util.Puncta object at 0x7f1036fd3990>,<puncta_detect_util.Puncta object at 0x7f1036fd3510>,<puncta_detect_util.Puncta object at 0x7f1036fd3350>,0.361816,0.361816,0.361328,0.361816,,,,,,,,,,,,,,,,,,,,,,,,0.816895,0.817383,0.817383,0.817383,,,,,,,,,,,,,,,,,,,,,,,,0.0458984,0.0439453,0.0429688,0.0400391,,,,,,,,,,,,,,,,,,,,,,,,0.0458984,0.0449219,0.0429688,0.0410156,,,,,,,,,,,,,,,,,,,,,,,,False,27,False,True,<puncta_detect_util.Puncta object at 0x7f102e64b910>,<puncta_detect_util.Puncta object at 0x7f1036fc7390>,<puncta_detect_util.Puncta object at 0x7f1037025250>,<puncta_detect_util.Puncta object at 0x7f10371c09d0>,<puncta_detect_util.Puncta object at 0x7f10371c0d10>,<puncta_detect_util.Puncta object at 0x7f10371c0b90>,<puncta_detect_util.Puncta object at 0x7f102e614110>,<puncta_detect_util.Puncta object at 0x7f1037127650>,<puncta_detect_util.Puncta object at 0x7f1037127b10>,<puncta_detect_util.Puncta object at 0x7f1037024390>,<puncta_detect_util.Puncta object at 0x7f1037024490>,<puncta_detect_util.Puncta object at 0x7f1037024e90>,<puncta_detect_util.Puncta object at 0x7f1036fc7a50>,<puncta_detect_util.Puncta object at 0x7f1036ffeed0>,<puncta_detect_util.Puncta object at 0x7f103707f650>,<puncta_detect_util.Puncta object at 0x7f103707f250>,<puncta_detect_util.Puncta object at 0x7f103707fdd0>,<puncta_detect_util.Puncta object at 0x7f103707f6d0>,<puncta_detect_util.Puncta object at 0x7f10370f55d0>,<puncta_detect_util.Puncta object at 0x7f10370f57d0>,<puncta_detect_util.Puncta object at 0x7f10371ac7d0>,<puncta_detect_util.Puncta object at 0x7f1037218750>,<puncta_detect_util.Puncta object at 0x7f103704bf90>,<puncta_detect_util.Puncta object at 0x7f103704b2d0>,<puncta_detect_util.Puncta object at 0x7f103704ba10>,<puncta_detect_util.Puncta object at 0x7f1118db4190>,<puncta_detect_util.Puncta object at 0x7f103704bc50>,False,4677.331514258503,1409.505904784532,,,,,,,,,,,17737.2925273964,,,,,,,,1000.2378467488038,,,,,,,0.0,3.0,0.0,True
/mount/local5/chenxi/puncta-detection/data/02-13-2022/69.5_ DOPC_30_ DOPS_0.5_ Atto/200 nM Cy3_ESCRT-I/Captured001.nd2-output,(series 1).tif,1024,False,0,3,0.0703125,15.584590578340794,49.13540278230312,40.82691963326397,49.14297619129593,-31.95598422787998,18.87416849827514,81.34175666947112,44.57045475056975,-4.950757655959478,10.448487284882049,-23.75337392034544,,,,,,,,,,,,,,,,,<puncta_detect_util.Puncta object at 0x7f102e65b610>,<puncta_detect_util.Puncta object at 0x7f102e65bd90>,<puncta_detect_util.Puncta object at 0x7f102e65aa10>,<puncta_detect_util.Puncta object at 0x7f102e65a5d0>,<puncta_detect_util.Puncta object at 0x7f10371a7e50>,<puncta_detect_util.Puncta object at 0x7f10371a7910>,<puncta_detect_util.Puncta object at 0x7f102e644c90>,<puncta_detect_util.Puncta object at 0x7f102e644310>,<puncta_detect_util.Puncta object at 0x7f10371a7c10>,<puncta_detect_util.Puncta object at 0x7f10371a7990>,<puncta_detect_util.Puncta object at 0x7f10371b9d50>,<puncta_detect_util.Puncta object at 0x7f10371b9550>,<puncta_detect_util.Puncta object at 0x7f102e6719d0>,<puncta_detect_util.Puncta object at 0x7f102e671090>,<puncta_detect_util.Puncta object at 0x7f102e671550>,<puncta_detect_util.Puncta object at 0x7f1036fd99d0>,<puncta_detect_util.Puncta object at 0x7f1036fd9a90>,<puncta_detect_util.Puncta object at 0x7f102e65a250>,<puncta_detect_util.Puncta object at 0x7f102e65a7d0>,<puncta_detect_util.Puncta object at 0x7f102e644d50>,<puncta_detect_util.Puncta object at 0x7f102e64e990>,<puncta_detect_util.Puncta object at 0x7f102e64e590>,<puncta_detect_util.Puncta object at 0x7f102e64e650>,<puncta_detect_util.Puncta object at 0x7f102e64e1d0>,<puncta_detect_util.Puncta object at 0x7f1036fd3610>,<puncta_detect_util.Puncta object at 0x7f1036fd3050>,<puncta_detect_util.Puncta object at 0x7f1036fd3710>,0.444824,0.445801,0.445312,0.445312,0.444336,0.444824,0.446289,0.448242,0.446289,0.446289,0.444824,,,,,,,,,,,,,,,,,0.425293,0.424805,0.424805,0.424805,0.424805,0.424805,0.424805,0.424805,0.423828,0.424805,0.423828,,,,,,,,,,,,,,,,,0.0673828,0.0693359,0.0703125,0.0703125,0.0683594,0.0693359,0.0664062,0.0664062,0.0664062,0.0644531,0.0537109,,,,,,,,,,,,,,,,,0.0673828,0.0683594,0.0683594,0.0683594,0.0683594,0.0683594,0.0644531,0.0644531,0.0664062,0.0644531,0.0566406,,,,,,,,,,,,,,,,,True,27,False,True,<puncta_detect_util.Puncta object at 0x7f1036fc7290>,<puncta_detect_util.Puncta object at 0x7f1036fc7350>,<puncta_detect_util.Puncta object at 0x7f1037025ad0>,<puncta_detect_util.Puncta object at 0x7f10371c0f10>,<puncta_detect_util.Puncta object at 0x7f1037218cd0>,<puncta_detect_util.Puncta object at 0x7f102e614950>,<puncta_detect_util.Puncta object at 0x7f102e614510>,<puncta_detect_util.Puncta object at 0x7f1037127110>,<puncta_detect_util.Puncta object at 0x7f1037127dd0>,<puncta_detect_util.Puncta object at 0x7f1037024310>,<puncta_detect_util.Puncta object at 0x7f1036ffe350>,<puncta_detect_util.Puncta object at 0x7f103722fe50>,<puncta_detect_util.Puncta object at 0x7f1036fc71d0>,<puncta_detect_util.Puncta object at 0x7f1036ffe5d0>,<puncta_detect_util.Puncta object at 0x7f103707f690>,<puncta_detect_util.Puncta object at 0x7f103707fb50>,<puncta_detect_util.Puncta object at 0x7f103707f850>,<puncta_detect_util.Puncta object at 0x7f10370f5990>,<puncta_detect_util.Puncta object at 0x7f0fc8b93f50>,<puncta_detect_util.Puncta object at 0x7f102e51e110>,<puncta_detect_util.Puncta object at 0x7f10371ac710>,<puncta_detect_util.Puncta object at 0x7f103704bd90>,<puncta_detect_util.Puncta object at 0x7f103704b610>,<puncta_detect_util.Puncta object at 0x7f103704b350>,<puncta_detect_util.Puncta object at 0x7f102e614990>,<puncta_detect_util.Puncta object at 0x7f103704bf10>,<puncta_detect_util.Puncta object at 0x7f1037025f50>,True,1086.2112594268478,1059.7033844189014,10945.785627842077,,,,,,,,,,1068.1835034478954,,,,,,,,1005.2247376789537,909.8311709507857,983.3942888612764,837.3907845629456,971.7610795454548,11238.473638961543,1180.721067914756,0.0,4.0,0.0,True
/mount/local5/chenxi/puncta-detection/data/02-13-2022/69.5_ DOPC_30_ DOPS_0.5_ Atto/200 nM Cy3_ESCRT-I/Captured001.nd2-output,(series 1).tif,1024,False,0,2,0.0917969,-3.8583792883382557,45.96579207920786,26.70804277080424,64.81031042643053,81.38647963845006,,,,,,,,,,,,,,,,,,,,,,,<puncta_detect_util.Puncta object at 0x7f102e65b810>,<puncta_detect_util.Puncta object at 0x7f102e65b4d0>,<puncta_detect_util.Puncta object at 0x7f102e65ac10>,<puncta_detect_util.Puncta object at 0x7f102e65a690>,<puncta_detect_util.Puncta object at 0x7f10371a7c90>,<puncta_detect_util.Puncta object at 0x7f10371a7e90>,<puncta_detect_util.Puncta object at 0x7f102e644d90>,<puncta_detect_util.Puncta object at 0x7f102e644210>,<puncta_detect_util.Puncta object at 0x7f102e65b950>,<puncta_detect_util.Puncta object at 0x7f10371a7f90>,<puncta_detect_util.Puncta object at 0x7f10371b9990>,<puncta_detect_util.Puncta object at 0x7f10371a73d0>,<puncta_detect_util.Puncta object at 0x7f102e671dd0>,<puncta_detect_util.Puncta object at 0x7f102e671f50>,<puncta_detect_util.Puncta object at 0x7f102e6712d0>,<puncta_detect_util.Puncta object at 0x7f1036fd9850>,<puncta_detect_util.Puncta object at 0x7f1036fd9590>,<puncta_detect_util.Puncta object at 0x7f102e65a6d0>,<puncta_detect_util.Puncta object at 0x7f102e65a750>,<puncta_detect_util.Puncta object at 0x7f102e644450>,<puncta_detect_util.Puncta object at 0x7f102e64e690>,<puncta_detect_util.Puncta object at 0x7f102e64e450>,<puncta_detect_util.Puncta object at 0x7f102e64e750>,<puncta_detect_util.Puncta object at 0x7f102e65a490>,<puncta_detect_util.Puncta object at 0x7f1036fd3dd0>,<puncta_detect_util.Puncta object at 0x7f1036fd38d0>,<puncta_detect_util.Puncta object at 0x7f1036fd35d0>,0.598145,0.598633,0.598633,0.415039,0.412109,,,,,,,,,,,,,,,,,,,,,,,0.817871,0.817383,0.817871,0.759766,0.764648,,,,,,,,,,,,,,,,,,,,,,,0.0908203,0.0898438,0.0917969,0.0292969,0.0292969,,,,,,,,,,,,,,,,,,,,,,,0.0869141,0.0878906,0.0888672,0.03125,0.0292969,,,,,,,,,,,,,,,,,,,,,,,False,27,False,True,<puncta_detect_util.Puncta object at 0x7f1036fc79d0>,<puncta_detect_util.Puncta object at 0x7f1036fc7f50>,<puncta_detect_util.Puncta object at 0x7f10370253d0>,<puncta_detect_util.Puncta object at 0x7f10371c0050>,<puncta_detect_util.Puncta object at 0x7f10371ac150>,<puncta_detect_util.Puncta object at 0x7f102e614d50>,<puncta_detect_util.Puncta object at 0x7f1037218710>,<puncta_detect_util.Puncta object at 0x7f1037127090>,<puncta_detect_util.Puncta object at 0x7f10371275d0>,<puncta_detect_util.Puncta object at 0x7f1037024290>,<puncta_detect_util.Puncta object at 0x7f1036ffe850>,<puncta_detect_util.Puncta object at 0x7f108c049b90>,<puncta_detect_util.Puncta object at 0x7f1036fc7690>,<puncta_detect_util.Puncta object at 0x7f1036ffe190>,<puncta_detect_util.Puncta object at 0x7f103707f490>,<puncta_detect_util.Puncta object at 0x7f103707f110>,<puncta_detect_util.Puncta object at 0x7f103707ff50>,<puncta_detect_util.Puncta object at 0x7f10370f5110>,<puncta_detect_util.Puncta object at 0x7f10370f50d0>,<puncta_detect_util.Puncta object at 0x7f10370f5510>,<puncta_detect_util.Puncta object at 0x7f10371ac790>,<puncta_detect_util.Puncta object at 0x7f1037025090>,<puncta_detect_util.Puncta object at 0x7f103704b050>,<puncta_detect_util.Puncta object at 0x7f103704b590>,<puncta_detect_util.Puncta object at 0x7f103704b510>,<puncta_detect_util.Puncta object at 0x7f1037025c90>,<puncta_detect_util.Puncta object at 0x7f1037025dd0>,False,17064.974138987363,3874.255971050826,,,,,,,,,,,1058.8087654702517,,,,,,,,2238.108996201845,4553.051282051282,,,,,,0.0,6.0,0.0,True
/mount/local5/chenxi/puncta-detection/data/02-13-2022/69.5_ DOPC_30_ DOPS_0.5_ Atto/200 nM Cy3_ESCRT-I/Captured001.nd2-output,(series 1).tif,1024,False,0,12,0.0830078,34.015828010593395,0.5772534102052305,35.13736256479706,77.89284354777328,5.7106793857606135,26.176964260192563,37.73239084568013,11.20024999638781,27.539995638366236,5.820968597965475,-11.5596636824298,14.109572293246401,38.00567671709996,29.916340053379827,49.377526034336825,26.560358394445302,29.193197778513877,2.471347409682039,39.895320758155776,23.52813685925821,45.62146436075636,59.14522274489627,-9.0618884473879,-13.588607512932413,-6.60169138476931,16.30000498620484,45.96321016108777,<puncta_detect_util.Puncta object at 0x7f102e65b110>,<puncta_detect_util.Puncta object at 0x7f108c285d10>,<puncta_detect_util.Puncta object at 0x7f102e65b910>,<puncta_detect_util.Puncta object at 0x7f102e65a610>,<puncta_detect_util.Puncta object at 0x7f10371b9950>,<puncta_detect_util.Puncta object at 0x7f10371a7790>,<puncta_detect_util.Puncta object at 0x7f102e644b10>,<puncta_detect_util.Puncta object at 0x7f102e644850>,<puncta_detect_util.Puncta object at 0x7f10371b9350>,<puncta_detect_util.Puncta object at 0x7f10371a7d50>,<puncta_detect_util.Puncta object at 0x7f10371b9810>,<puncta_detect_util.Puncta object at 0x7f10371b9310>,<puncta_detect_util.Puncta object at 0x7f102e65bb10>,<puncta_detect_util.Puncta object at 0x7f102e671c10>,<puncta_detect_util.Puncta object at 0x7f102e671c50>,<puncta_detect_util.Puncta object at 0x7f1036fd9110>,<puncta_detect_util.Puncta object at 0x7f1036fd98d0>,<puncta_detect_util.Puncta object at 0x7f1036fd9c10>,<puncta_detect_util.Puncta object at 0x7f102e65ac90>,<puncta_detect_util.Puncta object at 0x7f102e6449d0>,<puncta_detect_util.Puncta object at 0x7f102e644150>,<puncta_detect_util.Puncta object at 0x7f102e64e250>,<puncta_detect_util.Puncta object at 0x7f102e64ea50>,<puncta_detect_util.Puncta object at 0x7f102e64e110>,<puncta_detect_util.Puncta object at 0x7f1036fd3e90>,<puncta_detect_util.Puncta object at 0x7f1036fd3d90>,<puncta_detect_util.Puncta object at 0x7f1036fd3550>,0.698242,0.699219,0.699219,0.699219,0.698242,0.699219,0.699219,0.699219,0.699219,0.699219,0.699219,0.69873,0.69873,0.699219,0.699219,0.69873,0.699219,0.699219,0.698242,0.69873,0.699219,0.69873,0.699219,0.69873,0.699219,0.699219,0.698242,0.17041,0.17041,0.170898,0.17041,0.17041,0.17041,0.169922,0.17041,0.169922,0.169922,0.169922,0.169922,0.169922,0.169922,0.17041,0.169922,0.17041,0.17041,0.170898,0.170898,0.171387,0.171387,0.170898,0.17041,0.17041,0.170898,0.171875,0.0683594,0.0703125,0.0703125,0.0742188,0.0761719,0.078125,0.078125,0.0800781,0.0820312,0.0820312,0.0820312,0.0830078,0.0830078,0.0820312,0.0820312,0.0810547,0.0800781,0.0820312,0.0800781,0.0791016,0.078125,0.0751953,0.0742188,0.0712891,0.0703125,0.0664062,0.0566406,0.0673828,0.0673828,0.0683594,0.0693359,0.0712891,0.0732422,0.0742188,0.0771484,0.078125,0.0800781,0.0800781,0.0800781,0.0800781,0.078125,0.0771484,0.078125,0.0771484,0.0791016,0.078125,0.078125,0.0771484,0.0751953,0.0742188,0.0693359,0.0693359,0.0664062,0.0546875,True,27,False,True,<puncta_detect_util.Puncta object at 0x7f1036fc7510>,<puncta_detect_util.Puncta object at 0x7f1036fc7950>,<puncta_detect_util.Puncta object at 0x7f1037025b50>,<puncta_detect_util.Puncta object at 0x7f10371c0f50>,<puncta_detect_util.Puncta object at 0x7f10371ac310>,<puncta_detect_util.Puncta object at 0x7f1037218e50>,<puncta_detect_util.Puncta object at 0x7f102e614150>,<puncta_detect_util.Puncta object at 0x7f1037127950>,<puncta_detect_util.Puncta object at 0x7f102e614850>,<puncta_detect_util.Puncta object at 0x7f1037024410>,<puncta_detect_util.Puncta object at 0x7f1037024f90>,<puncta_detect_util.Puncta object at 0x7f103722fd50>,<puncta_detect_util.Puncta object at 0x7f1036fc7990>,<puncta_detect_util.Puncta object at 0x7f1036ffe290>,<puncta_detect_util.Puncta object at 0x7f103707f4d0>,<puncta_detect_util.Puncta object at 0x7f103707f090>,<puncta_detect_util.Puncta object at 0x7f103707fad0>,<puncta_detect_util.Puncta object at 0x7f10370f5490>,<puncta_detect_util.Puncta object at 0x7f10370f5210>,<puncta_detect_util.Puncta object at 0x7f10370f5390>,<puncta_detect_util.Puncta object at 0x7f10371acc90>,<puncta_detect_util.Puncta object at 0x7f10371c0ad0>,<puncta_detect_util.Puncta object at 0x7f103704b650>,<puncta_detect_util.Puncta object at 0x7f103704bad0>,<puncta_detect_util.Puncta object at 0x7f103704bbd0>,<puncta_detect_util.Puncta object at 0x7f10371c0b50>,<puncta_detect_util.Puncta object at 0x7f1037025050>,True,1272.9350283863469,11585.874558661355,860.0321246138587,770.8289996691706,830.8075585101351,622.786789590853,679.6959278406425,712.1243679770027,668.4623444954859,651.4981740542494,694.3581015511099,730.5141405393292,11553.644374747066,672.5187577943861,654.7589237783836,735.5493338010942,646.0245814302157,633.5853371275093,780.8181487108295,610.232056571012,17201.899375676025,18928.891426100527,15528.959798580641,7516.017360668307,16656.842652445594,965.7674113149965,9418.341103937766,0.0,10.0,0.0,True
/mount/local5/chenxi/puncta-detection/data/02-13-2022/69.5_ DOPC_30_ DOPS_0.5_ Atto/200 nM Cy3_ESCRT-I/Captured001.nd2-output,(series 1).tif,1024,False,0,8,0.0751953,24.29308932882668,70.37973327805412,52.18504200445568,36.75531429316652,8.181499048584556,-3.390454430058071,21.66026960740419,80.83572361569077,27.92062903303804,57.485617823785105,62.231078899708336,-21.99879178413221,5.4788159670429195,35.50661968576742,62.33901514100944,23.946087334922595,45.89201136282736,32.79259795003463,19.463508428450496,,,,,,,,,<puncta_detect_util.Puncta object at 0x7f102e65b490>,<puncta_detect_util.Puncta object at 0x7f102e65b350>,<puncta_detect_util.Puncta object at 0x7f102e65a150>,<puncta_detect_util.Puncta object at 0x7f102e65ab50>,<puncta_detect_util.Puncta object at 0x7f10371b9050>,<puncta_detect_util.Puncta object at 0x7f10371b9d10>,<puncta_detect_util.Puncta object at 0x7f102e644810>,<puncta_detect_util.Puncta object at 0x7f102e644e50>,<puncta_detect_util.Puncta object at 0x7f10371b9e50>,<puncta_detect_util.Puncta object at 0x7f10371a7590>,<puncta_detect_util.Puncta object at 0x7f10371b9650>,<puncta_detect_util.Puncta object at 0x7f10371b9d90>,<puncta_detect_util.Puncta object at 0x7f102e65b250>,<puncta_detect_util.Puncta object at 0x7f102e6710d0>,<puncta_detect_util.Puncta object at 0x7f102e671510>,<puncta_detect_util.Puncta object at 0x7f1036fd9b90>,<puncta_detect_util.Puncta object at 0x7f1036fd9e50>,<puncta_detect_util.Puncta object at 0x7f102e65aa90>,<puncta_detect_util.Puncta object at 0x7f102e65acd0>,<puncta_detect_util.Puncta object at 0x7f102e6447d0>,<puncta_detect_util.Puncta object at 0x7f102e6446d0>,<puncta_detect_util.Puncta object at 0x7f102e64ed50>,<puncta_detect_util.Puncta object at 0x7f102e64e0d0>,<puncta_detect_util.Puncta object at 0x7f102e64ead0>,<puncta_detect_util.Puncta object at 0x7f1036fd3690>,<puncta_detect_util.Puncta object at 0x7f1036fd3490>,<puncta_detect_util.Puncta object at 0x7f1036fd3910>,0.736328,0.736328,0.735352,0.735352,0.735352,0.735352,0.73584,0.736328,0.734863,0.735352,0.736328,0.73584,0.736328,0.736328,0.73584,0.735352,0.735352,0.735352,0.734863,,,,,,,,,0.546387,0.545898,0.545898,0.544922,0.54541,0.54541,0.545898,0.545898,0.54541,0.545898,0.545898,0.545898,0.545898,0.545898,0.545898,0.545898,0.544922,0.54541,0.545898,,,,,,,,,0.0703125,0.0703125,0.0722656,0.0722656,0.0722656,0.0722656,0.0732422,0.0742188,0.0751953,0.0722656,0.0703125,0.0693359,0.0664062,0.0664062,0.0634766,0.0625,0.0605469,0.0585938,0.0576172,,,,,,,,,0.0673828,0.0683594,0.0683594,0.0703125,0.0712891,0.0712891,0.0722656,0.0722656,0.0732422,0.0703125,0.0683594,0.0683594,0.0644531,0.0644531,0.0605469,0.0605469,0.0585938,0.0576172,0.0566406,,,,,,,,,True,27,False,False,<puncta_detect_util.Puncta object at 0x7f1036fc7790>,<puncta_detect_util.Puncta object at 0x7f1036fc7a90>,<puncta_detect_util.Puncta object at 0x7f1037025fd0>,<puncta_detect_util.Puncta object at 0x7f10371c0410>,<puncta_detect_util.Puncta object at 0x7f10371ace90>,<puncta_detect_util.Puncta object at 0x7f102e6141d0>,<puncta_detect_util.Puncta object at 0x7f102e614790>,<puncta_detect_util.Puncta object at 0x7f1037127790>,<puncta_detect_util.Puncta object at 0x7f1037127e90>,<puncta_detect_util.Puncta object at 0x7f1037024110>,<puncta_detect_util.Puncta object at 0x7f1036ffed10>,<puncta_detect_util.Puncta object at 0x7f108c1bf090>,<puncta_detect_util.Puncta object at 0x7f1036fc7d50>,<puncta_detect_util.Puncta object at 0x7f1036ffe050>,<puncta_detect_util.Puncta object at 0x7f103707f2d0>,<puncta_detect_util.Puncta object at 0x7f103707fa50>,<puncta_detect_util.Puncta object at 0x7f103707f7d0>,<puncta_detect_util.Puncta object at 0x7f10370f5190>,<puncta_detect_util.Puncta object at 0x7f0fc8b93c10>,<puncta_detect_util.Puncta object at 0x7f10370f5b10>,<puncta_detect_util.Puncta object at 0x7f10371ac650>,<puncta_detect_util.Puncta object at 0x7f10370256d0>,<puncta_detect_util.Puncta object at 0x7f103704bb10>,<puncta_detect_util.Puncta object at 0x7f103704b790>,<puncta_detect_util.Puncta object at 0x7f103704bf50>,<puncta_detect_util.Puncta object at 0x7f1037025210>,<puncta_detect_util.Puncta object at 0x7f1037025410>,True,1150.265858496804,1086.3707172859858,797.5851671289483,916.7515908409337,779.8547016723355,799.0850490318712,751.7155071114712,848.3048052134027,799.9547664965021,756.6183937318006,802.1334753605911,,1001.377583465819,,,,,,,,1070.965350883765,1074.4885881301798,991.0195084539719,895.5600548205939,939.8856186094904,984.6233996975807,897.034450596133,,,,True
/mount/local5/chenxi/puncta-detection/data/02-13-2022/69.5_ DOPC_30_ DOPS_0.5_ Atto/200 nM Cy3_ESCRT-I/Captured001.nd2-output,(series 1).tif,1024,False,0,8,0.0498047,4.729376357912315,45.36809594335864,18.38673545765596,21.542543794167614,58.65773419371726,54.53633419292464,-2.441223556317709,44.980849377025606,58.509579856285654,22.396081277213398,52.92824487544112,,,,,,,,,,,,,,,,,<puncta_detect_util.Puncta object at 0x7f102e65bd50>,<puncta_detect_util.Puncta object at 0x7f102e65b890>,<puncta_detect_util.Puncta object at 0x7f102e65b650>,<puncta_detect_util.Puncta object at 0x7f102e65a9d0>,<puncta_detect_util.Puncta object at 0x7f102e65add0>,<puncta_detect_util.Puncta object at 0x7f10371a7b50>,<puncta_detect_util.Puncta object at 0x7f102e644710>,<puncta_detect_util.Puncta object at 0x7f102e644a50>,<puncta_detect_util.Puncta object at 0x7f10371a7390>,<puncta_detect_util.Puncta object at 0x7f10371a7f10>,<puncta_detect_util.Puncta object at 0x7f10371a79d0>,<puncta_detect_util.Puncta object at 0x7f10371b90d0>,<puncta_detect_util.Puncta object at 0x7f102e65b3d0>,<puncta_detect_util.Puncta object at 0x7f102e671810>,<puncta_detect_util.Puncta object at 0x7f102e671190>,<puncta_detect_util.Puncta object at 0x7f1036fd9810>,<puncta_detect_util.Puncta object at 0x7f1036fd9310>,<puncta_detect_util.Puncta object at 0x7f1036fd9c90>,<puncta_detect_util.Puncta object at 0x7f102e65a290>,<puncta_detect_util.Puncta object at 0x7f102e644410>,<puncta_detect_util.Puncta object at 0x7f102e644b50>,<puncta_detect_util.Puncta object at 0x7f102e64e210>,<puncta_detect_util.Puncta object at 0x7f102e64ebd0>,<puncta_detect_util.Puncta object at 0x7f102e64e490>,<puncta_detect_util.Puncta object at 0x7f102e64eb10>,<puncta_detect_util.Puncta object at 0x7f1036fd3090>,<puncta_detect_util.Puncta object at 0x7f1036fd3c10>,0.766602,0.766602,0.766602,0.766602,0.766602,0.766113,0.766602,0.766113,0.766113,0.766602,0.766602,,,,,,,,,,,,,,,,,0.106934,0.106934,0.106934,0.106445,0.106934,0.106445,0.106934,0.106934,0.107422,0.10791,0.10791,,,,,,,,,,,,,,,,,0.0488281,0.0488281,0.0488281,0.0488281,0.0488281,0.0498047,0.0488281,0.0498047,0.0498047,0.0488281,0.0449219,,,,,,,,,,,,,,,,,0.0478516,0.0478516,0.0478516,0.0488281,0.0498047,0.0488281,0.0498047,0.0498047,0.0488281,0.0478516,0.0439453,,,,,,,,,,,,,,,,,True,27,False,True,<puncta_detect_util.Puncta object at 0x7f1036fc7f90>,<puncta_detect_util.Puncta object at 0x7f1036fc7c90>,<puncta_detect_util.Puncta object at 0x7f1037025890>,<puncta_detect_util.Puncta object at 0x7f10371c0690>,<puncta_detect_util.Puncta object at 0x7f10371ac750>,<puncta_detect_util.Puncta object at 0x7f102e614690>,<puncta_detect_util.Puncta object at 0x7f102e614a50>,<puncta_detect_util.Puncta object at 0x7f1037127550>,<puncta_detect_util.Puncta object at 0x7f10371274d0>,<puncta_detect_util.Puncta object at 0x7f1037024210>,<puncta_detect_util.Puncta object at 0x7f1036ffee10>,<puncta_detect_util.Puncta object at 0x7f103722fd90>,<puncta_detect_util.Puncta object at 0x7f1036fc7910>,<puncta_detect_util.Puncta object at 0x7f1036ffeb50>,<puncta_detect_util.Puncta object at 0x7f103707f1d0>,<puncta_detect_util.Puncta object at 0x7f103707fb10>,<puncta_detect_util.Puncta object at 0x7f103707fb90>,<puncta_detect_util.Puncta object at 0x7f10370f5650>,<puncta_detect_util.Puncta object at 0x7f0fc8b93ad0>,<puncta_detect_util.Puncta object at 0x7f10370f5e50>,<puncta_detect_util.Puncta object at 0x7f10371ac510>,<puncta_detect_util.Puncta object at 0x7f10370250d0>,<puncta_detect_util.Puncta object at 0x7f103704b090>,<puncta_detect_util.Puncta object at 0x7f103704be90>,<puncta_detect_util.Puncta object at 0x7f103704ba50>,<puncta_detect_util.Puncta object at 0x7f1037025190>,<puncta_detect_util.Puncta object at 0x7f1037025bd0>,True,11475.245637683138,16764.044354861944,878.5869774011303,,,,,,,,,,1171.7265006848306,,,,,,,,1068.291171246421,1174.6739996373653,1067.061245669498,1056.758184864655,1291.521165229779,2287.035924169264,1119.6413633156826,0.0,5.0,0.0,True
/mount/local5/chenxi/puncta-detection/data/02-13-2022/69.5_ DOPC_30_ DOPS_0.5_ Atto/200 nM Cy3_ESCRT-I/Captured001.nd2-output,(series 1).tif,1024,False,0,9,0.0585938,-1.007994366440471,57.649569900516326,47.77520380434771,54.62540635455434,7.917327811682753,52.88826191887165,64.52637660246364,-9.872873116188657,64.9983078701448,70.075417102752,47.89807978406452,49.272757491322864,19.84774115445998,37.3230479542035,40.017088014981255,79.07978907330607,-18.463312826382662,,,,,,,,,,,<puncta_detect_util.Puncta object at 0x7f102e65b7d0>,<puncta_detect_util.Puncta object at 0x7f102e65bc90>,<puncta_detect_util.Puncta object at 0x7f102e65be90>,<puncta_detect_util.Puncta object at 0x7f102e65af10>,<puncta_detect_util.Puncta object at 0x7f102e65a510>,<puncta_detect_util.Puncta object at 0x7f102e65aa50>,<puncta_detect_util.Puncta object at 0x7f10371a7210>,<puncta_detect_util.Puncta object at 0x7f102e6448d0>,<puncta_detect_util.Puncta object at 0x7f102e65a110>,<puncta_detect_util.Puncta object at 0x7f10371a7a90>,<puncta_detect_util.Puncta object at 0x7f10371a7b10>,<puncta_detect_util.Puncta object at 0x7f10371b9450>,<puncta_detect_util.Puncta object at 0x7f10371b9f10>,<puncta_detect_util.Puncta object at 0x7f102e671410>,<puncta_detect_util.Puncta object at 0x7f0fc9629690>,<puncta_detect_util.Puncta object at 0x7f102e671d50>,<puncta_detect_util.Puncta object at 0x7f1036fd9050>,<puncta_detect_util.Puncta object at 0x7f1036fd9790>,<puncta_detect_util.Puncta object at 0x7f102e65ab90>,<puncta_detect_util.Puncta object at 0x7f102e6441d0>,<puncta_detect_util.Puncta object at 0x7f102e644fd0>,<puncta_detect_util.Puncta object at 0x7f102e64e6d0>,<puncta_detect_util.Puncta object at 0x7f102e64e510>,<puncta_detect_util.Puncta object at 0x7f102e64e350>,<puncta_detect_util.Puncta object at 0x7f102e64e890>,<puncta_detect_util.Puncta object at 0x7f102e64ee50>,<puncta_detect_util.Puncta object at 0x7f1036fd3bd0>,0.78125,0.78125,0.78125,0.78125,0.78125,0.782227,0.781738,0.782227,0.782227,0.78125,0.782227,0.78125,0.78125,0.780762,0.78125,0.780273,0.781738,,,,,,,,,,,0.019043,0.019043,0.0195312,0.0209961,0.0209961,0.0209961,0.0219727,0.0224609,0.0214844,0.0219727,0.0219727,0.0209961,0.0200195,0.0200195,0.0200195,0.0200195,0.0195312,,,,,,,,,,,0.0507812,0.0507812,0.0507812,0.0546875,0.0566406,0.0566406,0.0576172,0.0566406,0.0566406,0.0585938,0.0566406,0.0546875,0.0546875,0.0517578,0.0546875,0.0488281,0.0517578,,,,,,,,,,,0.0380859,0.0380859,0.0390625,0.0400391,0.0400391,0.0400391,0.0419922,0.0429688,0.0429688,0.0439453,0.0439453,0.0419922,0.0400391,0.0400391,0.0400391,0.0400391,0.0390625,,,,,,,,,,,True,27,False,True,<puncta_detect_util.Puncta object at 0x7f1036fc77d0>,<puncta_detect_util.Puncta object at 0x7f1036fc7b50>,<puncta_detect_util.Puncta object at 0x7f10370254d0>,<puncta_detect_util.Puncta object at 0x7f10371c05d0>,<puncta_detect_util.Puncta object at 0x7f10371acf10>,<puncta_detect_util.Puncta object at 0x7f1037218e90>,<puncta_detect_util.Puncta object at 0x7f102e614f10>,<puncta_detect_util.Puncta object at 0x7f10371272d0>,<puncta_detect_util.Puncta object at 0x7f1037127a90>,<puncta_detect_util.Puncta object at 0x7f1037024e10>,<puncta_detect_util.Puncta object at 0x7f1037024590>,<puncta_detect_util.Puncta object at 0x7f108c00f2d0>,<puncta_detect_util.Puncta object at 0x7f1036fc7e50>,<puncta_detect_util.Puncta object at 0x7f1036ffe0d0>,<puncta_detect_util.Puncta object at 0x7f103707ff10>,<puncta_detect_util.Puncta object at 0x7f103707f590>,<puncta_detect_util.Puncta object at 0x7f103707f610>,<puncta_detect_util.Puncta object at 0x7f10370f5610>,<puncta_detect_util.Puncta object at 0x7f10370f53d0>,<puncta_detect_util.Puncta object at 0x7f10370f5d90>,<puncta_detect_util.Puncta object at 0x7f10371ac950>,<puncta_detect_util.Puncta object at 0x7f1037025390>,<puncta_detect_util.Puncta object at 0x7f103704bc90>,<puncta_detect_util.Puncta object at 0x7f103704bc10>,<puncta_detect_util.Puncta object at 0x7f103704b450>,<puncta_detect_util.Puncta object at 0x7f10371c00d0>,<puncta_detect_util.Puncta object at 0x7f1037025c50>,True,16678.795413898824,1907.140039277314,759.4476316167493,3531.9664021778826,11766.266119221411,640.6083841463415,805.3199615673211,3254.3179941263134,5842.9458986285845,,,,1272.1653202984307,,,,,,,,853.9805059811192,16051.935716761003,825.8601518121955,850.0738498789351,770.4532086071408,4414.958117748137,822.3468466932845,0.0,9.0,0.0,False
/mount/local5/chenxi/puncta-detection/data/02-13-2022/69.5_ DOPC_30_ DOPS_0.5_ Atto/200 nM Cy3_ESCRT-I/Captured001.nd2-output,(series 1).tif,1024,False,0,0,0.0302734,-9.534090909090537,,,,,,,,,,,,,,,,,,,,,,,,,,,<puncta_detect_util.Puncta object at 0x7f102e65bb90>,<puncta_detect_util.Puncta object at 0x7f1036fd9a50>,<puncta_detect_util.Puncta object at 0x7f102e65a4d0>,<puncta_detect_util.Puncta object at 0x7f102e65a210>,<puncta_detect_util.Puncta object at 0x7f10371a7690>,<puncta_detect_util.Puncta object at 0x7f10371a7950>,<puncta_detect_util.Puncta object at 0x7f102e644dd0>,<puncta_detect_util.Puncta object at 0x7f102e644090>,<puncta_detect_util.Puncta object at 0x7f10371a70d0>,<puncta_detect_util.Puncta object at 0x7f10371a7810>,<puncta_detect_util.Puncta object at 0x7f10371b9bd0>,<puncta_detect_util.Puncta object at 0x7f10371b9b50>,<puncta_detect_util.Puncta object at 0x7f102e6713d0>,<puncta_detect_util.Puncta object at 0x7f102e671cd0>,<puncta_detect_util.Puncta object at 0x7f102e671990>,<puncta_detect_util.Puncta object at 0x7f1036fd94d0>,<puncta_detect_util.Puncta object at 0x7f1036fd9090>,<puncta_detect_util.Puncta object at 0x7f102e65ab10>,<puncta_detect_util.Puncta object at 0x7f102e65a850>,<puncta_detect_util.Puncta object at 0x7f102e644c10>,<puncta_detect_util.Puncta object at 0x7f102e64ed90>,<puncta_detect_util.Puncta object at 0x7f102e64e050>,<puncta_detect_util.Puncta object at 0x7f102e64ea10>,<puncta_detect_util.Puncta object at 0x7f102e64ea90>,<puncta_detect_util.Puncta object at 0x7f1036fd3fd0>,<puncta_detect_util.Puncta object at 0x7f1036fd34d0>,<puncta_detect_util.Puncta object at 0x7f1036fd3450>,0.853516,,,,,,,,,,,,,,,,,,,,,,,,,,,0.236816,,,,,,,,,,,,,,,,,,,,,,,,,,,0.0292969,,,,,,,,,,,,,,,,,,,,,,,,,,,0.0302734,,,,,,,,,,,,,,,,,,,,,,,,,,,False,27,False,True,<puncta_detect_util.Puncta object at 0x7f1036fd3a90>,<puncta_detect_util.Puncta object at 0x7f1036fc75d0>,<puncta_detect_util.Puncta object at 0x7f10370259d0>,<puncta_detect_util.Puncta object at 0x7f10371c0cd0>,<puncta_detect_util.Puncta object at 0x7f10371c0110>,<puncta_detect_util.Puncta object at 0x7f10371c0150>,<puncta_detect_util.Puncta object at 0x7f102e614210>,<puncta_detect_util.Puncta object at 0x7f103f87e110>,<puncta_detect_util.Puncta object at 0x7f1037218150>,<puncta_detect_util.Puncta object at 0x7f10370258d0>,<puncta_detect_util.Puncta object at 0x7f1037127690>,<puncta_detect_util.Puncta object at 0x7f108c2c2fd0>,<puncta_detect_util.Puncta object at 0x7f1036fc7ed0>,<puncta_detect_util.Puncta object at 0x7f103722fc10>,<puncta_detect_util.Puncta object at 0x7f103707fd90>,<puncta_detect_util.Puncta object at 0x7f103707fd50>,<puncta_detect_util.Puncta object at 0x7f103707f210>,<puncta_detect_util.Puncta object at 0x7f103707f0d0>,<puncta_detect_util.Puncta object at 0x7f1036ffe810>,<puncta_detect_util.Puncta object at 0x7f10370f54d0>,<puncta_detect_util.Puncta object at 0x7f10371ac0d0>,<puncta_detect_util.Puncta object at 0x7f10372187d0>,<puncta_detect_util.Puncta object at 0x7f1037479490>,<puncta_detect_util.Puncta object at 0x7f103704b1d0>,<puncta_detect_util.Puncta object at 0x7f103704b890>,<puncta_detect_util.Puncta object at 0x7f10372182d0>,<puncta_detect_util.Puncta object at 0x7f103704b710>,False,5379.726461038961,,,,,,,,,,,,,,,,,,,,,,,,,,,0.0,1.0,0.0,True
/mount/local5/chenxi/puncta-detection/data/02-13-2022/69.5_ DOPC_30_ DOPS_0.5_ Atto/200 nM Cy3_ESCRT-I/Captured001.nd2-output,(series 1).tif,1024,False,0,19,0.121094,10.004246147424965,52.75388765968091,16.935253019204538,51.100715655630665,39.679977348367174,49.92070002734499,-0.5898695073142335,13.234370311528437,19.724398346169437,23.899775901508292,18.179856254856077,54.74364317940763,-0.09876174031978735,-0.12391678314179444,2.3656604671878085,-4.638476953261488,9.219418907007366,1.8944445608667593,36.23862405189175,-3.3188388385974577,31.57529887618921,38.70282471411474,37.298024275196894,48.48901636611026,42.084566660092605,21.754755640234634,32.845909900785045,<puncta_detect_util.Puncta object at 0x7f102e65b990>,<puncta_detect_util.Puncta object at 0x7f102e65bc50>,<puncta_detect_util.Puncta object at 0x7f102e65a550>,<puncta_detect_util.Puncta object at 0x7f102e65abd0>,<puncta_detect_util.Puncta object at 0x7f10371b9c50>,<puncta_detect_util.Puncta object at 0x7f10371a7650>,<puncta_detect_util.Puncta object at 0x7f102e6440d0>,<puncta_detect_util.Puncta object at 0x7f102e644490>,<puncta_detect_util.Puncta object at 0x7f10371b96d0>,<puncta_detect_util.Puncta object at 0x7f10371a7490>,<puncta_detect_util.Puncta object at 0x7f10371b9790>,<puncta_detect_util.Puncta object at 0x7f10371b9a90>,<puncta_detect_util.Puncta object at 0x7f102e65b790>,<puncta_detect_util.Puncta object at 0x7f102e671950>,<puncta_detect_util.Puncta object at 0x7f102e671390>,<puncta_detect_util.Puncta object at 0x7f1036fd9190>,<puncta_detect_util.Puncta object at 0x7f1036fd9e10>,<puncta_detect_util.Puncta object at 0x7f102e65a0d0>,<puncta_detect_util.Puncta object at 0x7f102e65a310>,<puncta_detect_util.Puncta object at 0x7f102e644bd0>,<puncta_detect_util.Puncta object at 0x7f102e644f10>,<puncta_detect_util.Puncta object at 0x7f102e64ecd0>,<puncta_detect_util.Puncta object at 0x7f102e64e5d0>,<puncta_detect_util.Puncta object at 0x7f102e64e790>,<puncta_detect_util.Puncta object at 0x7f1036fd3c50>,<puncta_detect_util.Puncta object at 0x7f1036fd3190>,<puncta_detect_util.Puncta object at 0x7f1036fd3210>,0.854004,0.854492,0.854004,0.853516,0.853516,0.854004,0.854492,0.854492,0.854492,0.854492,0.854492,0.854492,0.854492,0.854492,0.854492,0.854492,0.855469,0.85498,0.855469,0.855469,0.855957,0.855469,0.855469,0.855469,0.855469,0.85498,0.85498,0.764648,0.765625,0.764648,0.765625,0.765625,0.766602,0.766113,0.766602,0.765625,0.765625,0.766602,0.766602,0.765625,0.765625,0.76709,0.766602,0.767578,0.76709,0.766602,0.765625,0.766113,0.766113,0.766602,0.766602,0.766602,0.766602,0.766602,0.0986328,0.0996094,0.100586,0.101562,0.105469,0.106445,0.107422,0.111328,0.111328,0.113281,0.115234,0.115234,0.115234,0.115234,0.119141,0.119141,0.121094,0.120117,0.121094,0.121094,0.120117,0.117188,0.117188,0.117188,0.113281,0.112305,0.108398,0.0976562,0.0976562,0.0996094,0.101562,0.103516,0.103516,0.104492,0.105469,0.107422,0.109375,0.111328,0.111328,0.113281,0.113281,0.112305,0.111328,0.113281,0.112305,0.111328,0.111328,0.112305,0.110352,0.109375,0.107422,0.105469,0.105469,0.101562,True,27,False,True,<puncta_detect_util.Puncta object at 0x7f1036fc78d0>,<puncta_detect_util.Puncta object at 0x7f1036fc7850>,<puncta_detect_util.Puncta object at 0x7f1037025f90>,<puncta_detect_util.Puncta object at 0x7f10371c0bd0>,<puncta_detect_util.Puncta object at 0x7f10371ac110>,<puncta_detect_util.Puncta object at 0x7f102e614810>,<puncta_detect_util.Puncta object at 0x7f102e614e50>,<puncta_detect_util.Puncta object at 0x7f1037127c10>,<puncta_detect_util.Puncta object at 0x7f1037127910>,<puncta_detect_util.Puncta object at 0x7f10370243d0>,<puncta_detect_util.Puncta object at 0x7f1036ffe910>,<puncta_detect_util.Puncta object at 0x7f103722fcd0>,<puncta_detect_util.Puncta object at 0x7f1036fc7f10>,<puncta_detect_util.Puncta object at 0x7f1036ffee90>,<puncta_detect_util.Puncta object at 0x7f103707fa90>,<puncta_detect_util.Puncta object at 0x7f103707f290>,<puncta_detect_util.Puncta object at 0x7f103707f5d0>,<puncta_detect_util.Puncta object at 0x7f10370f5950>,<puncta_detect_util.Puncta object at 0x7f10370f5b90>,<puncta_detect_util.Puncta object at 0x7f10370f5e90>,<puncta_detect_util.Puncta object at 0x7f10371acbd0>,<puncta_detect_util.Puncta object at 0x7f1037025e10>,<puncta_detect_util.Puncta object at 0x7f103704b310>,<puncta_detect_util.Puncta object at 0x7f103704b250>,<puncta_detect_util.Puncta object at 0x7f103704b110>,<puncta_detect_util.Puncta object at 0x7f1037025c10>,<puncta_detect_util.Puncta object at 0x7f1037025a90>,True,15576.089427529296,11477.625028157745,10518.312246278756,7625.9405495169085,775.7354662472494,11572.179611949492,939.4148037900914,946.4705573236379,15483.173120653431,5237.908477481171,728.7326117649945,18956.019941165407,14646.098984348984,18378.568063948187,711.7229290104619,14526.175832732753,7028.997889819191,13598.630236940277,646.2711659807956,595.7705529568611,1154.1522816642137,3277.7420399639996,960.8708478923786,13955.338474958075,16223.0639079334,18903.756532604988,779.4309554368529,0.0,39.0,0.0,True
/mount/local5/chenxi/puncta-detection/data/02-13-2022/69.5_ DOPC_30_ DOPS_0.5_ Atto/200 nM Cy3_ESCRT-I/Captured001.nd2-output,(series 1).tif,1024,False,0,11,0.0791016,14.750040101322611,12.757976783350387,3.6993448192183678,-3.17224394362529,-5.870819895047589,45.53445665755726,-28.606958021851824,-9.03191104682719,45.966248777577675,-1.9610667110669056,34.740245549430256,33.57147702183374,24.942897313682806,6.678752965096464,32.48490028490005,51.33777786826795,59.727880590072346,40.33045252585498,-5.106152204836235,20.57212496720649,7.315674024188411,-26.00011455850654,30.345794163855317,8.694364861125905,28.00211874846036,8.477419354839185,,<puncta_detect_util.Puncta object at 0x7f102e65bb50>,<puncta_detect_util.Puncta object at 0x7f102e671a10>,<puncta_detect_util.Puncta object at 0x7f102e65bcd0>,<puncta_detect_util.Puncta object at 0x7f102e65ae10>,<puncta_detect_util.Puncta object at 0x7f102e65a990>,<puncta_detect_util.Puncta object at 0x7f102e65a190>,<puncta_detect_util.Puncta object at 0x7f10371a75d0>,<puncta_detect_util.Puncta object at 0x7f102e644910>,<puncta_detect_util.Puncta object at 0x7f102e644e90>,<puncta_detect_util.Puncta object at 0x7f10371a7d90>,<puncta_detect_util.Puncta object at 0x7f10371a7310>,<puncta_detect_util.Puncta object at 0x7f10371b9610>,<puncta_detect_util.Puncta object at 0x7f108c027650>,<puncta_detect_util.Puncta object at 0x7f10371a7a50>,<puncta_detect_util.Puncta object at 0x7f10371b9290>,<puncta_detect_util.Puncta object at 0x7f102e65bfd0>,<puncta_detect_util.Puncta object at 0x7f0fc9629290>,<puncta_detect_util.Puncta object at 0x7f1036fd93d0>,<puncta_detect_util.Puncta object at 0x7f102e671b10>,<puncta_detect_util.Puncta object at 0x7f1036fd9290>,<puncta_detect_util.Puncta object at 0x7f1036fd9490>,<puncta_detect_util.Puncta object at 0x7f102e65a790>,<puncta_detect_util.Puncta object at 0x7f102e6444d0>,<puncta_detect_util.Puncta object at 0x7f102e64e710>,<puncta_detect_util.Puncta object at 0x7f102e64e7d0>,<puncta_detect_util.Puncta object at 0x7f102e64efd0>,<puncta_detect_util.Puncta object at 0x7f1036fd3b50>,0.899902,0.900391,0.900391,0.900879,0.901367,0.900391,0.899414,0.900391,0.900391,0.900391,0.899902,0.899902,0.900391,0.899414,0.899902,0.899414,0.899902,0.899414,0.899902,0.900391,0.899414,0.899902,0.899902,0.899902,0.899414,0.899414,,0.203613,0.203125,0.202637,0.203125,0.203125,0.203613,0.203613,0.203613,0.203613,0.204102,0.204102,0.204102,0.20459,0.204102,0.204102,0.204102,0.204102,0.203613,0.204102,0.20459,0.20459,0.20459,0.20459,0.205078,0.205078,0.204102,,0.0615234,0.0625,0.0644531,0.0673828,0.0683594,0.0703125,0.0722656,0.0742188,0.0742188,0.078125,0.0791016,0.0791016,0.078125,0.0761719,0.0771484,0.0761719,0.0771484,0.0761719,0.0751953,0.0742188,0.0722656,0.0712891,0.0693359,0.0673828,0.0644531,0.0605469,,0.0615234,0.0605469,0.0634766,0.0664062,0.0664062,0.0693359,0.0712891,0.0732422,0.0751953,0.0761719,0.078125,0.0761719,0.0771484,0.0761719,0.0761719,0.0761719,0.0761719,0.0751953,0.0742188,0.0732422,0.0712891,0.0693359,0.0673828,0.0664062,0.0625,0.0605469,,True,27,False,True,<puncta_detect_util.Puncta object at 0x7f1036fd9550>,<puncta_detect_util.Puncta object at 0x7f1036fc7d90>,<puncta_detect_util.Puncta object at 0x7f1037025ed0>,<puncta_detect_util.Puncta object at 0x7f10371c0350>,<puncta_detect_util.Puncta object at 0x7f10371c08d0>,<puncta_detect_util.Puncta object at 0x7f1037218550>,<puncta_detect_util.Puncta object at 0x7f102e614f50>,<puncta_detect_util.Puncta object at 0x7f1037127c50>,<puncta_detect_util.Puncta object at 0x7f1037127b50>,<puncta_detect_util.Puncta object at 0x7f1037024a10>,<puncta_detect_util.Puncta object at 0x7f1037024550>,<puncta_detect_util.Puncta object at 0x7f10f1ae6950>,<puncta_detect_util.Puncta object at 0x7f1036fc7d10>,<puncta_detect_util.Puncta object at 0x7f1036ffe090>,<puncta_detect_util.Puncta object at 0x7f103707f8d0>,<puncta_detect_util.Puncta object at 0x7f103707f350>,<puncta_detect_util.Puncta object at 0x7f103707f310>,<puncta_detect_util.Puncta object at 0x7f103707fc90>,<puncta_detect_util.Puncta object at 0x7f10370f5710>,<puncta_detect_util.Puncta object at 0x7f10370f5250>,<puncta_detect_util.Puncta object at 0x7f10371ac8d0>,<puncta_detect_util.Puncta object at 0x7f1037218850>,<puncta_detect_util.Puncta object at 0x7f103704ba90>,<puncta_detect_util.Puncta object at 0x7f103704bb90>,<puncta_detect_util.Puncta object at 0x7f103704b690>,<puncta_detect_util.Puncta object at 0x7f1037218f90>,<puncta_detect_util.Puncta object at 0x7f103704be10>,True,1144.6632572952153,1179.3173215114239,915.1927877514631,956.9695792353232,751.2887458409291,821.2968611847923,772.2066014163656,738.6594866688497,747.3332191094732,799.8714507722439,739.5350191240932,726.8817210784737,1105.8751120215084,697.4836994665352,716.4396797085815,691.6394445146775,694.3616935645982,710.9650627696537,707.1302875804722,,947.0812382580025,966.9429106567595,968.2658473256015,963.2083031894003,931.6790233811971,895.1847812459773,5983.395455036749,0.0,3.0,0.0,True
/mount/local5/chenxi/puncta-detection/data/02-13-2022/69.5_ DOPC_30_ DOPS_0.5_ Atto/200 nM Cy3_ESCRT-I/Captured001.nd2-output,(series 1).tif,1024,False,3,10,0.0976562,,,,47.03601604936421,26.108724599288962,-9.627260227350234,11.566781381285637,41.37422360248411,37.50234643154954,10.17498107152096,-4.678057440924931,17.941051570152922,2.7157057195572634,13.186738081679778,39.886358105267846,-17.244405788718723,33.11599413692011,31.474229942082275,21.91590998262427,9.70297665811222,87.03642310622718,43.87315544513376,-48.455505573190294,-4.66498009290035,3.108887626217893,17.28095805760995,78.06302795269539,<puncta_detect_util.Puncta object at 0x7f102e64ed10>,<puncta_detect_util.Puncta object at 0x7f102e64b150>,<puncta_detect_util.Puncta object at 0x7f102e64b350>,<puncta_detect_util.Puncta object at 0x7f102e65a910>,<puncta_detect_util.Puncta object at 0x7f10371a7510>,<puncta_detect_util.Puncta object at 0x7f10371a7ed0>,<puncta_detect_util.Puncta object at 0x7f102e644350>,<puncta_detect_util.Puncta object at 0x7f102e644a90>,<puncta_detect_util.Puncta object at 0x7f10371a78d0>,<puncta_detect_util.Puncta object at 0x7f10371a7610>,<puncta_detect_util.Puncta object at 0x7f10371b9190>,<puncta_detect_util.Puncta object at 0x7f102e65b410>,<puncta_detect_util.Puncta object at 0x7f102e6717d0>,<puncta_detect_util.Puncta object at 0x7f0fc96295d0>,<puncta_detect_util.Puncta object at 0x7f102e671310>,<puncta_detect_util.Puncta object at 0x7f1036fd9350>,<puncta_detect_util.Puncta object at 0x7f1036fd9410>,<puncta_detect_util.Puncta object at 0x7f102e65aad0>,<puncta_detect_util.Puncta object at 0x7f102e65af50>,<puncta_detect_util.Puncta object at 0x7f102e644510>,<puncta_detect_util.Puncta object at 0x7f102e64ee10>,<puncta_detect_util.Puncta object at 0x7f102e64e4d0>,<puncta_detect_util.Puncta object at 0x7f102e64e9d0>,<puncta_detect_util.Puncta object at 0x7f102e64ef50>,<puncta_detect_util.Puncta object at 0x7f1036fd33d0>,<puncta_detect_util.Puncta object at 0x7f1036fd3e50>,<puncta_detect_util.Puncta object at 0x7f1036fd3cd0>,,,,0.598633,0.598633,0.598633,0.598633,0.598633,0.598145,0.598633,0.597656,0.598633,0.597656,0.598633,0.598633,0.598633,0.598633,0.598145,0.598633,0.598145,0.598633,0.598145,0.597168,0.597656,0.597656,0.597168,0.59668,,,,0.817871,0.817871,0.817383,0.816895,0.816895,0.816406,0.817871,0.817383,0.817383,0.818359,0.817871,0.818359,0.817383,0.817383,0.817383,0.817383,0.818359,0.817871,0.817871,0.817383,0.817871,0.816895,0.817383,0.81543,,,,0.09375,0.0957031,0.0957031,0.0957031,0.0957031,0.0966797,0.0957031,0.0976562,0.0957031,0.09375,0.09375,0.0917969,0.0917969,0.0898438,0.0888672,0.0878906,0.0888672,0.0878906,0.0849609,0.0810547,0.078125,0.078125,0.0732422,0.0566406,,,,0.0888672,0.0888672,0.0898438,0.0927734,0.0927734,0.09375,0.0927734,0.0976562,0.0917969,0.0898438,0.0888672,0.0878906,0.0878906,0.0839844,0.0839844,0.0839844,0.0859375,0.0849609,0.0810547,0.078125,0.0751953,0.0732422,0.0683594,0.0527344,True,27,False,True,<puncta_detect_util.Puncta object at 0x7f102e51efd0>,<puncta_detect_util.Puncta object at 0x7f102e57ad50>,<puncta_detect_util.Puncta object at 0x7f10371c0e10>,<puncta_detect_util.Puncta object at 0x7f10371c0dd0>,<puncta_detect_util.Puncta object at 0x7f1037218b90>,<puncta_detect_util.Puncta object at 0x7f102e614bd0>,<puncta_detect_util.Puncta object at 0x7f10371273d0>,<puncta_detect_util.Puncta object at 0x7f108c00a490>,<puncta_detect_util.Puncta object at 0x7f1037127ed0>,<puncta_detect_util.Puncta object at 0x7f1037024b90>,<puncta_detect_util.Puncta object at 0x7f1036ffe410>,<puncta_detect_util.Puncta object at 0x7f10f1bafad0>,<puncta_detect_util.Puncta object at 0x7f102e57aa90>,<puncta_detect_util.Puncta object at 0x7f103707fe50>,<puncta_detect_util.Puncta object at 0x7f103707f910>,<puncta_detect_util.Puncta object at 0x7f103707f050>,<puncta_detect_util.Puncta object at 0x7f103707f710>,<puncta_detect_util.Puncta object at 0x7f10370f5450>,<puncta_detect_util.Puncta object at 0x7f10370f5e10>,<puncta_detect_util.Puncta object at 0x7f102e51e610>,<puncta_detect_util.Puncta object at 0x7f10371ac090>,<puncta_detect_util.Puncta object at 0x7f103704b7d0>,<puncta_detect_util.Puncta object at 0x7f103704b150>,<puncta_detect_util.Puncta object at 0x7f103704b810>,<puncta_detect_util.Puncta object at 0x7f102e614cd0>,<puncta_detect_util.Puncta object at 0x7f103704b190>,<puncta_detect_util.Puncta object at 0x7f1037025150>,True,,,7031.887363463982,826.7154142346103,6897.550252640773,753.8790886798856,845.072145103306,6354.027062167393,5558.86483696728,11052.428635720717,3773.664428622218,698.5034979714524,,816.4322240375263,753.4052423573862,4689.798045387237,615.9265895176636,636.3674675564398,624.5643540563792,596.7036755327545,871.9597457255777,11196.303835472492,846.3134996147023,3904.488961094853,12576.271458609328,9205.32274688691,2605.8354681366354,0.0,33.0,0.0,True
